sample_index,smiles,actual_logp,predicted_logp,signed_error,absolute_error,squared_error,smape_percent,inference_us,round_trip_ms,status,error_message
5839,Cc1ccc(C)c(NC(=S)Nc2ccc(S(=O)(=O)N3CCCc4ccccc43)cc2)c1,5.25384,5.279737,0.025896999999999615,0.025896999999999615,0.00067065460899998,0.491703815332619,53150,239.362699969206,ok,
6374,CC[C@H](CCO)CNc1nc2ccc(C)cn2n1,1.85822,2.064258,0.20603800000000017,0.20603800000000017,0.04245165744400007,10.505501879169248,53039,238.23229997651652,ok,
6531,O=C([O-])c1cccn1Cc1ccc(F)c(Br)c1,1.8015,1.826075,0.02457499999999979,0.02457499999999979,0.0006039306249999897,1.3548996230263903,53037,237.82320000464097,ok,
6556,C[NH2+][C@H](c1ccc(-c2ccccc2)cc1)[C@@H]1CSCCO1,2.7199,2.739112,0.019212000000000007,0.019212000000000007,0.00036910094400000027,0.7038636295358943,53037,235.86950002936646,ok,
6672,CNC(=O)c1cc(NC(=O)CCOc2cc(C)cc(C)c2)ccc1Cl,3.72404,3.374268,-0.3497720000000002,0.3497720000000002,0.12234045198400013,9.855080957321103,53038,236.4951999625191,ok,
6680,CCCn1c(SCC(=O)N(C)[C@@H](C)c2nc3ccccc3s2)nc2sc3c(c2c1=O)CCC3,5.2781,4.843068,-0.43503200000000053,0.43503200000000053,0.18925284102400047,8.596478193030695,53041,236.89749999903142,ok,
6821,COc1ccc(Br)cc1C[C@@H](O)c1ccc(F)cn1,3.2679,3.016993,-0.2509070000000002,0.2509070000000002,0.06295432264900011,7.9844477861437,53040,237.05170000903308,ok,
7359,CC[C@@H](C)NC(=O)[C@@H](C)NC(=O)c1ccc(-n2cccc2)nc1,1.9053,1.945166,0.03986599999999996,0.03986599999999996,0.0015892979559999965,2.070710402325327,53039,237.30429995339364,ok,
7362,COc1ccc(C)cc1[C@H](C)NC(=O)[C@H]1CC(=O)N(Cc2ccccn2)C1,2.62452,2.659717,0.035197000000000145,0.035197000000000145,0.0012388288090000102,1.3321506964960181,53040,237.3086999868974,ok,
7523,NC(=S)[C@H]1CN(c2ncccc2C(F)(F)F)CCO1,1.5917,1.706983,0.11528300000000002,0.11528300000000002,0.013290170089000006,6.989637985826467,53043,237.46219999156892,ok,
7627,COc1ccc(Br)cc1CNC(=O)c1oc2c(c1C)[C@H]1N=NC=C1CC2,4.626119999999999,4.009425,-0.6166949999999991,0.6166949999999991,0.3803127230249989,14.282711745465958,53037,236.79799999808893,ok,
7661,C[C@@H](Sc1nncn1-c1cccc(Cl)c1)C(=O)N[C@H]1CCCC[C@H]1C,4.0962,4.128517,0.03231700000000082,0.03231700000000082,0.0010443884890000527,0.7858507472050604,53038,236.92330002086237,ok,
7720,CCC(=O)N1C[C@H](C(=O)NCc2ccc(F)cc2)[C@H](c2ccc(OC)cc2)C1,3.1027,2.897901,-0.20479899999999995,0.20479899999999995,0.04194263040099998,6.825949600714993,53043,236.88669997500256,ok,
8420,O=[N+]([O-])c1ccc(NCCSc2ccccc2)[nH+]c1,2.6131,2.540626,-0.07247400000000015,0.07247400000000015,0.005252480676000022,2.8124894493809,53036,237.07800003467128,ok,
8520,CC[NH+](CCCc1ccccc1C)C[C@@H]1CCOC1,1.86892,1.786377,-0.08254299999999981,0.08254299999999981,0.006813346848999969,4.516349834226866,53038,237.38080001203343,ok,
8748,CCN1CCc2nc3ccccc3c(C(=O)N[C@H]3CCc4ccccc43)c2C1,4.0301,3.890333,-0.13976699999999997,0.13976699999999997,0.01953481428899999,3.529276745349654,53041,237.29700001422316,ok,
8867,CCC[NH2+]Cc1cccc(OC[C@H]2CCCO2)c1,1.7178,1.826075,0.1082749999999999,0.1082749999999999,0.011723475624999978,6.110542837995127,53041,237.51860001357272,ok,
8993,CNC(=O)c1cc(Cl)ccc1NCc1nnc(C(C)(C)C)o1,2.9922,3.136085,0.14388500000000004,0.14388500000000004,0.02070289322500001,4.695767249728107,53038,237.84780001733452,ok,
9524,O=C(Nc1ccccc1Oc1ccccc1)N1CCOCC1,3.343,3.572755,0.22975499999999993,0.22975499999999993,0.052787360024999966,6.644393851430536,53042,237.46209999080747,ok,
9592,Cn1ccnc(NC[C@H]2C[C@H](O)C[NH+]2Cc2ccccc2)c1=O,-0.5895,-0.516065,0.07343500000000003,0.07343500000000003,0.005392699225000004,13.284610131471243,53041,237.6351000275463,ok,
9681,C[C@H]1CC[C@@H](C)C[NH+]1CC(=O)NCCc1ccccc1,1.0486,1.071826,0.02322599999999997,0.02322599999999997,0.0005394470759999986,2.1906918704071696,53042,237.53159999614581,ok,
9684,CCN(C(=O)[C@@H]1CCCN(C(=O)OC)C1)[C@H](C)C(C)C,2.3578,2.461231,0.10343100000000005,0.10343100000000005,0.01069797176100001,4.2926057126422315,53038,237.85799997858703,ok,
10325,CC(C)OCc1ccc(C(=O)N[C@@H]2CCSc3ccccc32)cc1,4.5785,4.406397,-0.1721029999999999,0.1721029999999999,0.029619442608999964,3.830939853845846,53042,237.51599999377504,ok,
10422,O=S(=O)(NC[C@H]1C[C@@H](O)C[NH+]1Cc1ccccc1)N1CCCCCC1,-0.0849,-0.317578,-0.23267800000000002,0.23267800000000002,0.05413905168400001,115.62271726653383,53038,237.48109996085986,ok,
10479,O=C(Nc1ccc2c(c1)OCCO2)[C@H]1CC(=O)N(CCC2=c3cc(Cl)ccc3=[NH+]C2)C1,-0.147,-0.635156,-0.48815600000000003,0.48815600000000003,0.23829628033600003,124.823181053396,53038,237.44199995417148,ok,
10516,COc1ccc(Cl)cc1NC(=O)C1CCN(c2cc(-n3ccnc3C)ncn2)CC1,3.48782,3.652149,0.16432899999999995,0.16432899999999995,0.027004020240999984,4.603073206620364,53041,237.161900033243,ok,
10565,Cc1ccc(C)c(-n2c(C)nnc2SCC(=O)N[C@H](C#N)C(C)(C)C)c1,3.33914,3.255177,-0.08396299999999979,0.08396299999999979,0.0070497853689999645,2.5465260465943564,53038,237.49020003015175,ok,
10641,COc1ccc(N[C@H](C)C(=O)NC(N)=O)c(OC)c1,0.6991,0.476367,-0.22273300000000007,0.22273300000000007,0.04960998928900003,37.89693798294636,53042,237.5569000141695,ok,
10674,CC(C)C(=O)Nc1c(N)cnn1C,0.5968,0.43667,-0.16013,0.16013,0.025641616899999997,30.988804706474305,53043,237.84939997131005,ok,
10759,Cc1cc(C)c(CNC(=O)N(Cc2cccc(O)c2)C2CC2)c(=O)[nH]1,2.57154,2.858204,0.28666400000000003,0.28666400000000003,0.08217624889600002,10.559024513862902,53041,237.73250001249835,ok,
10777,N=C1NC(=O)N(CC2CC2)C12C1CC3CC(C1)CC2C3,2.59377,2.500928,-0.09284200000000009,0.09284200000000009,0.008619636964000017,3.6446517536466376,53042,237.4841999844648,ok,
11143,C[C@@H]1CC([NH2+]CC2CCN(c3cc[nH+]cc3)CC2)C[C@@H](C)C1,2.1052,2.064258,-0.04094199999999981,0.04094199999999981,0.0016762473639999845,1.9639003438816176,53039,237.6321000047028,ok,
11149,Cc1ccc([C@@H]2CN(CC(=O)N3CCC[C@H](C)C3)CCO2)c(C)c1,2.9352400000000003,2.897901,-0.03733900000000023,0.03733900000000023,0.0013942009210000173,1.2802364969405071,53040,237.34529997454956,ok,
11259,O=C(Cn1cc(NC(=O)N[C@H](CO)c2ccccc2)cn1)NC1CCCC1,1.797,1.667286,-0.12971399999999988,0.12971399999999988,0.01682572179599997,7.4886426813490505,53039,237.53130005206913,ok,
11553,CCOC(=O)C1C(C)=NC2=C(C(=O)CC(C)(C)C2)[C@@H]1c1ccc(N(C)C)cc1,4.1332,4.128517,-0.004682999999999993,0.004682999999999993,2.193048899999993e-05,0.11336626514803139,53036,237.24180000135675,ok,
11801,COc1ccccc1/C=c1\s/c(=C(/C#N)C(=O)N[C@@H]2CCCC[C@@H]2C)n(-c2ccc(F)cc2)c1=O,3.24468,2.937598,-0.30708199999999986,0.30708199999999986,0.09429935472399992,9.934266948202582,53037,237.11360001470894,ok,
11913,COc1cc2c(cc1OC)[C@H](c1cccs1)N(C(=O)C[C@@H]1OC(=O)c3ccccc31)CC2,4.5412,4.565187,0.02398699999999998,0.02398699999999998,0.0005753761689999991,0.5268170570831215,53037,237.18990001361817,ok,
12056,Cc1cc(NC(=O)CCOC2CCOCC2)ccc1OC(C)C,3.30642,3.175782,-0.13063800000000025,0.13063800000000025,0.017066287044000067,4.030667356555697,53039,237.40350001025945,ok,
12190,COc1cccc([C@@H]2C(C(C)=O)=C([O-])C(=O)N2CCN2CCOCC2)c1,0.1141,0.43667,0.32257,0.32257,0.10405140490000002,117.13419394665652,53037,237.40050004562363,ok,
12308,Cc1ccccc1[C@@H](C)[NH2+][C@@H](C)C1CC[NH+](C)CC1,0.93262,1.151221,0.21860100000000005,0.21860100000000005,0.04778639720100002,20.980583451424557,53040,237.51240002457052,ok,
12463,O=C([C@@H]1CCOC1)N1CCO[C@H](c2ccc(Br)cc2)C1,2.3855,2.223047,-0.16245299999999974,0.16245299999999974,0.026390977208999914,7.050074567971195,53039,237.67899995436892,ok,
12828,Cc1cc(Br)cc(/C=C2/SC(=S)NC2=O)c1O,2.95192,2.659717,-0.29220299999999977,0.29220299999999977,0.08538259320899987,10.41418038978643,53041,237.68140003085136,ok,
12880,CCOC(=O)NCCC(=O)Oc1ccccc1F,1.8673,1.627588,-0.23971199999999993,0.23971199999999993,0.05746184294399997,13.717864492367132,53037,237.82929999288172,ok,
13027,[NH3+]CC1(Cc2nc([C@@H]3CSCCO3)no2)CCCCC1,1.609,1.667286,0.05828600000000006,0.05828600000000006,0.003397257796000007,3.558053234668772,53038,237.5451999832876,ok,
13094,C[C@@H](NC(=O)C[n+]1ccc2c(c1)CCCC2)c1cccc2ccccc12,3.8835,3.969728,0.08622799999999975,0.08622799999999975,0.007435267983999957,2.195988706809474,53039,237.52939997939393,ok,
13443,O=C(Nc1ccc(F)cc1)[C@H]1C[C@H]2CSCN2[C@]12C(=O)Nc1ccccc12,3.0066,2.778809,-0.2277910000000003,0.2277910000000003,0.051888739681000134,7.874672300610045,53043,237.17899998882785,ok,
14057,Cc1ccc(C)n1-c1c(C(=O)NCCC[NH+](C)C2CCCCC2)sc2ncccc12,3.67114,3.413966,-0.257174,0.257174,0.06613846627600001,7.259566758775381,53042,237.08199994871393,ok,
14362,CO[C@H](c1ccc(Cl)cc1)[C@@H](C)NC(=O)c1oc(C)nc1C,3.4508400000000004,3.255177,-0.19566300000000014,0.19566300000000014,0.038284009569000056,5.83544598828187,53038,237.2783999890089,ok,
14369,C[C@H](O)c1ccccc1N(C)CCS(C)(=O)=O,1.2207,1.270313,0.04961300000000013,0.04961300000000013,0.0024614497690000126,3.9833593803003144,53042,237.6879999646917,ok,
14412,Cn1cc[nH+]c1CNS(=O)(=O)c1ccc(CC(N)=S)cc1,0.1463,0.198486,0.05218599999999998,0.05218599999999998,0.0027233785959999983,30.27153074660803,53038,237.7511999802664,ok,
14463,Nc1cc(N)nc(SCc2ccnc3ccccc23)n1,2.4815,2.580323,0.09882299999999988,0.09882299999999988,0.009765985328999976,3.9046406798499227,53039,237.75189998559654,ok,
14633,Cc1nc([C@H]2CCCN(C(=O)CCn3cncn3)C2)cc(=O)[nH]1,0.46612,0.674854,0.20873399999999998,0.20873399999999998,0.04356988275599999,36.588739094843525,53037,237.50650003785267,ok,
14727,COC(=O)CN(Cc1cc(C(N)=O)cs1)C1CCOCC1,1.001,0.87334,-0.12765999999999988,0.12765999999999988,0.01629707559999997,13.621861561936456,53042,237.68369999015704,ok,
14753,CCc1nn(C)cc1NC(=O)NCc1ccc(COC)cc1,2.4506,2.500928,0.05032799999999993,0.05032799999999993,0.002532907583999993,2.0328270384414644,53042,237.7868000185117,ok,
15670,Cc1ccc(S(=O)(=O)Nc2ccc3c(c2)CCCN3S(=O)(=O)c2cccs2)c(C)c1,4.30724,4.08882,-0.21842000000000006,0.21842000000000006,0.04770729640000002,5.202916606122397,53042,237.54880001069978,ok,
16281,Cc1cc(CS(=O)(=O)Nc2ccnn2Cc2cccnc2)no1,1.56472,1.667286,0.10256599999999993,0.10256599999999993,0.010519784355999987,6.346894157993514,53038,237.4407000024803,ok,
16325,C[C@@H]1Cc2ccccc2N1CCC(=O)N(C)CCC(N)=S,1.9623,1.945166,-0.017133999999999983,0.017133999999999983,0.0002935739559999994,0.8769877972066799,53042,237.57019999902695,ok,
16347,COc1ccccc1OCC(=O)N1CCN(c2nc3sc4c(c3c(=O)n2C)CCCC4)CC1,2.61,2.858204,0.2482040000000003,0.2482040000000003,0.06160522561600015,9.078081212771151,53038,237.43130004731938,ok,
16624,CCCCNC(=O)C(C)(C)Oc1ccc(Cl)cc1,3.4137,3.652149,0.23844900000000013,0.23844900000000013,0.056857925601000066,6.749337553066875,53039,237.76599997654557,ok,
16702,Cc1ccc(F)cc1S(=O)(=O)N1CCc2c(c(COCc3ccc(F)cc3Cl)nn2C)C1,4.12392,3.533057,-0.5908630000000001,0.5908630000000001,0.34911908476900017,15.433323098658915,53041,237.34249995322898,ok,
16778,Cc1ccsc1C(=O)N[N-]S(=O)(=O)c1cc(F)ccc1[N+](=O)[O-],2.51122,2.580323,0.06910300000000014,0.06910300000000014,0.004775224609000019,2.7144227201852225,53038,237.4578000162728,ok,
16786,O=C1CN(C(=O)C[NH+]2CCC(O)(C(F)(F)F)CC2)c2ccccc2N1,-0.0562,0.0,0.0562,0.0562,0.00315844,200.0,53041,237.1811000048183,ok,
16989,C[C@H]1C[C@H]1C(=O)NCc1cccc(C(F)(F)F)c1,2.9776,2.858204,-0.11939599999999961,0.11939599999999961,0.014255404815999908,4.091844071528092,53043,237.95080004492775,ok,
17169,Cc1oc(NC(=O)C[NH+](C)Cc2ccc3c(c2)OCCO3)c(C#N)c1C,1.19272,1.151221,-0.04149899999999995,0.04149899999999995,0.001722167000999996,3.540959435412406,53040,237.80230002012104,ok,
21112,O=C(c1ccc2c(c1)OCCO2)N1CCO[C@H](Cc2ccccc2)C1,2.5415,2.580323,0.03882299999999983,0.03882299999999983,0.0015072253289999868,1.5159836644101068,53040,237.5758999842219,ok,
21350,CCC[NH+]1CCC(N(CC2CC[NH2+]CC2)C(C)C)CC1,0.1275,-0.079395,-0.206895,0.206895,0.042805541025,200.0,53038,237.8997000050731,ok,
21430,C=CCN1C(=O)N[C@H](c2cccc(Cl)c2)C2=C1CN(CC(=O)N(C)Cc1ccccc1)C2=O,3.3472,3.05669,-0.2905099999999998,0.2905099999999998,0.08439606009999989,9.072922864071675,53046,237.41940001491457,ok,
21464,Fc1cccnc1N1CCN(Cc2ccncc2Cl)CC1,2.5913,2.739112,0.14781200000000005,0.14781200000000005,0.021848387344000016,5.545987814825573,53043,237.56899998988956,ok,
21596,Cn1nnc2c(N3CCN(c4ccc([N+](=O)[O-])cc4)CC3)ncnc21,0.9931,1.111524,0.11842399999999997,0.11842399999999997,0.014024243775999994,11.253696622294527,53042,237.6281000324525,ok,
21597,Cc1cc(C(=O)NC[C@H](c2ccccc2)[NH+]2CCCCC2)c2c(=O)[nH]c(=O)n(C)c2n1,0.47012,0.396973,-0.07314699999999996,0.07314699999999996,0.005350483608999994,16.871777306471156,53041,237.35770001076162,ok,
21748,N#CCN(C(=O)C1=Cc2cc(Cl)ccc2OC1)C1CCCC1,3.4105800000000004,3.255177,-0.15540300000000018,0.15540300000000018,0.024150092409000058,4.662726228993951,53037,237.55120002897456,ok,
21935,Cc1cccc(-c2c3c(=O)n(C)c(=O)n(C)c3cn2N2CCOCC2)c1,0.98232,1.151221,0.16890100000000008,0.16890100000000008,0.028527547801000027,15.832927513462367,53041,237.5334000098519,ok,
21985,COCCOc1ccc(CN2CCO[C@@H](C)[C@@H]2C)cc1,2.321,2.223047,-0.09795299999999996,0.09795299999999996,0.009594790208999992,4.3112670269475615,53041,237.44370002532378,ok,
22116,COc1cccc(Nc2ncccc2C(=O)Nc2ccc(Br)cc2)c1,4.8486,5.081251,0.23265099999999972,0.23265099999999972,0.05412648780099987,4.685891057176986,53040,237.8494999720715,ok,
22250,CS(=O)(=O)CC[NH+]1CCC[C@@H]1CN1CCOCC1,-1.5895,-1.389405,0.2000949999999999,0.2000949999999999,0.04003800902499997,13.434130997799521,53037,237.65910003567114,ok,
22439,CCC(=O)Nc1cc(-c2ccc(=O)n(CC(=O)Nc3c(F)cccc3F)n2)ccc1C,3.48412,3.731544,0.2474240000000001,0.2474240000000001,0.06121863577600004,6.857968996339078,53036,237.26460000034422,ok,
22549,CC(C)OCCCNC(=O)N[C@@H]1CCC[C@@H]1CO,1.2617,1.190918,-0.07078200000000012,0.07078200000000012,0.005010091524000017,5.771954703096863,53041,237.57840000325814,ok,
22933,C[C@H](NC(=O)NCCCN1CCOCC1)c1nc(C2CCCCC2)no1,2.1998,2.103956,-0.09584400000000004,0.09584400000000004,0.009186072336000007,4.453969974134223,53037,237.55960003472865,ok,
22938,Cc1ccc(NC(=O)C(=O)NCc2cc(Cl)c3c(c2)OCCO3)cc1,2.67452,2.699415,0.024895000000000334,0.024895000000000334,0.0006197610250000166,0.926509159489288,53041,237.55200003506616,ok,
23255,Cc1ccc(NC=C2C(=O)N(C)C(=O)N(C)C2=O)cc1,1.34122,1.468799,0.1275789999999999,0.1275789999999999,0.016276401240999973,9.080294474877208,53041,237.1874999953434,ok,
23836,Cc1ccc(CN(C)C(=O)Nc2cccc(C(=O)N3CCCCC3)c2)s1,4.34652,4.168214,-0.17830600000000008,0.17830600000000008,0.031793029636000024,4.188175461500032,53037,237.31340002268553,ok,
24003,CCc1ccc2c(c1)C(C)=CC(C)(C)N2C(=O)CSc1ncn[nH]1,3.6879,3.612452,-0.07544799999999974,0.07544799999999974,0.00569240070399996,2.066968825612785,53041,237.54560004454106,ok,
24513,C[C@@H]1OCC[C@@H]1[C@H](O)Cc1ccc(C(F)(F)F)cc1,3.0338,3.016993,-0.016807000000000016,0.016807000000000016,0.00028247524900000055,0.5555304899704887,53042,237.5074999872595,ok,
24623,C[C@H](Oc1ccc(F)cc1)C(=O)NNC(=O)c1cccs1,2.1157,2.18335,0.06764999999999999,0.06764999999999999,0.004576522499999998,3.1472069410683754,53039,237.5471999985166,ok,
25027,O=C(CSCc1cccnc1)N[C@@H]1CCc2c(O)cccc21,2.8241,2.858204,0.034104000000000134,0.034104000000000134,0.001163082816000009,1.2003581645755008,53041,237.83240001648664,ok,
25064,COc1ccccc1NC(=O)CN1CC[NH+]([C@H]2CCC[C@@H](C)C2)CC1,1.4129,1.31001,-0.10289000000000015,0.10289000000000015,0.010586352100000031,7.557355917015264,53041,237.53459996078163,ok,
25832,Cc1ccc(C)c(N(C)C(=O)c2cnc(N3CCOCC3)c3ccccc23)c1,3.96484,3.93003,-0.03481000000000023,0.03481000000000023,0.001211736100000016,0.8818384596579862,53037,237.53829998895526,ok,
26102,CC1CCN(c2cc(SCc3ccc(F)c(F)c3)ncn2)CC1,4.2834,4.406397,0.1229969999999998,0.1229969999999998,0.015128262008999952,2.8308371300273136,53038,237.47669998556376,ok,
26379,CC(C)CN(c1ncc(Br)cc1C[NH3+])C1CCCC1,2.991,3.016993,0.02599299999999971,0.02599299999999971,0.0006756360489999849,0.8652806353136467,53038,237.78010002570227,ok,
26529,CC[C@@H](C)[C@@H](C(=O)Nc1ccc(C(C)C)cc1)N1Cc2ccccc2C1=O,4.8192,4.80337,-0.015830000000000233,0.015830000000000233,0.00025058890000000735,0.32901813133082397,53041,237.49979998683557,ok,
26560,COc1ccc(OC)c2sc(N3CCN(C(=O)c4cc(Cl)cc(Cl)c4)CC3)nc12,4.5827,4.207911,-0.3747889999999998,0.3747889999999998,0.14046679452099986,8.527029577352469,53041,237.44270001770929,ok,
26975,C[C@H](CS(C)(=O)=O)NC(=O)C1(c2ccc(F)cc2F)CCOCC1,1.5623,1.706983,0.1446829999999999,0.1446829999999999,0.02093317048899997,8.851053885515563,53041,237.61599999852479,ok,
27099,OCC[NH+](CCCc1nc2ccccc2o1)[C@@H]1CCCc2ccccc21,2.7152,2.977296,0.2620960000000001,0.2620960000000001,0.06869431321600006,9.208473752111555,53041,237.47029999503866,ok,
27282,O=C(C[C@@H](O)c1cccc(F)c1)N1CCCC[C@@H]1C1OCCO1,2.0032,2.302442,0.299242,0.299242,0.08954577456400001,13.899994472369043,53041,237.5037000165321,ok,
27303,[NH3+][C@H]1CC[C@@H](Nc2cccc(NC(=O)C3CC3)c2)C1,1.61,1.31001,-0.2999900000000002,0.2999900000000002,0.08999400010000012,20.547189906883894,53042,237.48060001526028,ok,
27349,Cc1nnc(N2CC[C@@H](Cc3cnn(C)c3)C2)s1,1.6490200000000002,1.706983,0.057962999999999765,0.057962999999999765,0.0033597093689999727,3.454287734546111,53042,237.52210004022345,ok,
27527,COc1ccccc1CNC[C@@H](c1ccc(C)o1)N1CCOCC1,2.75972,2.699415,-0.06030500000000005,0.06030500000000005,0.0036366930250000063,2.2093243709855153,53040,237.5282000284642,ok,
27612,Cc1cccc2nc(COc3ccc(-n4cncn4)cc3)cn12,2.80242,2.937598,0.1351779999999998,0.1351779999999998,0.018273091683999945,4.710020073107778,53039,237.5583000248298,ok,
27677,O=S(=O)(c1cc(F)ccc1NCC1(O)CCOCC1)C(F)(F)F,2.0726,2.18335,0.1107499999999999,0.1107499999999999,0.01226556249999998,5.204478436071847,53040,237.67870001029223,ok,
27711,CC(=O)N[C@@H]1Cc2ccccc2[C@H]1NC(=O)c1cnc(-c2cccnc2)nc1,2.0705,2.223047,0.1525470000000002,0.1525470000000002,0.023270587209000063,7.105873069515727,53041,237.51359997550026,ok,
27786,Cc1nc(Cc2nc(-c3ccc(F)cc3)cs2)cs1,4.30492,4.08882,-0.21609999999999996,0.21609999999999996,0.046699209999999984,5.149075382368287,53038,237.58279997855425,ok,
27998,O=C(Nc1ccc(F)c(NC(=O)C2CCCCC2)c1)c1c[nH]c(=S)n1-c1ccccc1,5.44509,5.359132,-0.08595800000000065,0.08595800000000065,0.007388777764000111,1.591192776305423,53039,237.55550000350922,ok,
28058,Cc1cc(C)cc(C2=CCN(C(=O)CC3CCC3)CC2)c1,4.10934,4.327003,0.21766299999999994,0.21766299999999994,0.047377181568999976,5.16012684643097,53039,237.5400000018999,ok,
28271,Cc1ccc(-n2c(Cc3cccn3C)nnc2SCC(=O)Nc2ccccc2F)cc1,4.37492,4.247608,-0.12731200000000076,0.12731200000000076,0.016208345344000192,2.9530086768057062,53037,237.56549996323884,ok,
28324,O=C(NCc1ccco1)c1cccc(Cn2cnc(C3CCC3)cc2=O)c1,3.0821,3.096387,0.014286999999999939,0.014286999999999939,0.00020411836899999824,0.4624756837717693,53041,237.41649999283254,ok,
28451,Cc1ccc(NC(=O)C23CC4CC(CC(C4)C2)C3)c([N+](=O)[O-])c1,4.05812,4.247608,0.18948799999999988,0.18948799999999988,0.035905702143999955,4.562827003244024,53042,237.3966000159271,ok,
28483,O=C(Nc1cc(Cl)ccc1N1CCCCC1)N1CCOC[C@H]1C1CC1,3.973,4.049122,0.0761219999999998,0.0761219999999998,0.00579455888399997,1.897802102735406,53037,237.54880001069978,ok,
28553,CC(=O)Nc1cccc(-c2ccc(F)c(C(=O)[O-])c2)c1,1.8146,1.429102,-0.3854979999999999,0.3854979999999999,0.14860870800399992,23.76901453956004,53037,237.55109997000545,ok,
28676,Cc1ccccc1CN1CCN(c2nc3c(c(=O)[nH]c(=O)n3C)n2Cc2cccc(Cl)c2)CC1,2.75562,2.580323,-0.17529700000000004,0.17529700000000004,0.030729038209000012,6.570422510135511,53042,237.12110001360998,ok,
28731,CCc1nn(C)cc1NC(=O)NC[C@H](C)C(=O)OC(C)C,1.6917,1.587891,-0.10380900000000004,0.10380900000000004,0.010776308481000009,6.330606468916401,53038,237.5778999994509,ok,
28759,CN(Cc1ccc(C#N)cc1)C(=O)Nc1ccc2c(c1)CCC(=O)N2,3.10688,2.977296,-0.12958399999999992,0.12958399999999992,0.01679201305599998,4.259705833624798,53041,237.55409999284893,ok,
28798,Cc1cccc(Cn2nc(C)cc2NC(=O)c2ccc(C#N)nc2)c1,3.0672200000000003,3.05669,-0.01053000000000015,0.01053000000000015,0.00011088090000000316,0.3438979344895712,53041,237.5898000318557,ok,
28823,O=C(/C=C/c1ccco1)NC(=S)Nc1ccccc1-c1nc2ccccc2s1,5.0827,4.843068,-0.2396320000000003,0.2396320000000003,0.05742349542400014,4.828482793472511,53041,237.5387999927625,ok,
28927,CCOc1ccc(C(=O)NNC(=O)C[C@H]2C[C@H]3CC[C@@H]2C3)cc1OC,2.6812,2.858204,0.17700400000000016,0.17700400000000016,0.031330416016000055,6.390723622974607,53038,237.2779999859631,ok,
29009,CCCNC(=O)[C@@H](C)NC(=O)/C=C/c1ccccc1,1.7307,1.548194,-0.18250599999999984,0.18250599999999984,0.03330844003599994,11.132168347009683,53042,237.7573999692686,ok,
29043,CCc1c(N)cnn1-c1ccc(C)cc1,2.32532,2.62002,0.29469999999999974,0.29469999999999974,0.08684808999999985,11.918290754528496,53038,237.86519997520372,ok,
29069,CCN(CCC#N)Cc1nc(N)nc(Nc2ccc(F)cc2)n1,2.07208,2.103956,0.031876000000000015,0.031876000000000015,0.001016079376000001,1.526615192014629,53041,237.7072999952361,ok,
29222,CCO[C@@H](CC)C(=O)N1CCN([C@H](C)C(=O)Nc2cccc(F)c2)CC1,2.112,1.826075,-0.2859250000000002,0.2859250000000002,0.08175310562500011,14.5210540682948,53041,237.65810002805665,ok,
29304,O=C(COC(=O)Cc1c(F)cccc1Cl)Nc1ccc2c(c1)OCO2,2.9322,3.215479,0.2832790000000003,0.2832790000000003,0.08024699184100016,9.215803232406905,53038,237.60259995469823,ok,
29334,Cc1ccc(NC(=O)C(=O)N[C@@H]2CCC[C@H](C)C2)cc1Br,3.3909199999999995,3.05669,-0.33422999999999936,0.33422999999999936,0.11170969289999957,10.367562554186728,53041,237.61020001256838,ok,
29437,Cc1c(F)cccc1NC(=O)N(C)CCN(C)c1ccccc1,3.73422,3.850636,0.11641600000000007,0.11641600000000007,0.013552685056000017,3.06969571999785,53041,237.96140000922605,ok,
29449,Cc1ccccc1C(=O)NC1CCN(C(=O)CN2C[C@H](C)O[C@@H](C)C2)CC1,1.82502,2.064258,0.23923800000000006,0.23923800000000006,0.05723482064400003,12.302437624669672,53041,237.58479999378324,ok,
29467,CC[NH+](CC(=O)N[C@@H]1CCS(=O)(=O)C1)Cc1ncc(-c2ccccc2)o1,0.0497,0.039697,-0.010002999999999998,0.010002999999999998,0.00010006000899999996,22.378827029989814,53037,237.513099971693,ok,
29646,C#CCOc1cccc(NC(=O)c2ccccc2Oc2cccnc2)c1,4.1382,3.731544,-0.40665600000000035,0.40665600000000035,0.16536910233600027,10.334669081993018,53042,237.51959996297956,ok,
29750,C[C@H](NS(=O)(=O)c1ccc(C#N)cc1)C(=O)N1CCCC[C@@H]1C,1.62608,1.508496,-0.11758399999999991,0.11758399999999991,0.013825997055999979,7.50238628765102,53038,237.40689997794107,ok,
29806,CON(C)C(=O)c1cnn2c(C)cc(C)nc12,0.97954,1.032129,0.05258900000000011,0.05258900000000011,0.0027656029210000113,5.228394929782197,53042,237.54709999775514,ok,
29938,C[C@@H](NC(=O)N1CCc2cc(F)ccc2C1)c1cccc(OC(F)F)c1,4.256,4.287306,0.031305999999999834,0.031305999999999834,0.0009800656359999897,0.7328778812323902,53039,237.67589998897165,ok,
29953,CS(=O)(=O)Cc1ccc(C(=O)Oc2cccc(-n3cccn3)c2)cc1,2.6361,2.500928,-0.13517199999999985,0.13517199999999985,0.018271469583999958,5.262653814618096,53042,237.63009998947382,ok,
29961,CCOc1ccc(CCC(=O)Nc2ccccc2C)cc1OC,3.97362,4.168214,0.19459399999999993,0.19459399999999993,0.03786682483599997,4.7801023700556895,53040,237.69109998829663,ok,
30026,COC(=O)Cc1ccc(C[NH+](C)[C@@H]2CCN(c3ccccc3Cl)C2=O)s1,1.9372,1.74668,-0.19052000000000002,0.19052000000000002,0.03629787040000001,10.343442240246697,53039,237.66049998812377,ok,
30064,O=C(NC[C@@H](c1ccc(F)cc1)N1CCOCC1)c1ccc(OC(F)F)cc1,3.2304,2.937598,-0.292802,0.292802,0.08573301120400001,9.494231353512113,53040,237.49979998683557,ok,
30179,CCOc1cc(CNC(=O)Cc2noc3ccccc23)ccc1OC,3.094,2.897901,-0.1960989999999998,0.1960989999999998,0.03845481780099992,6.545468625065728,53039,237.5276000238955,ok,
30497,Cc1ccccc1CC(=O)NCCc1ccc(F)cc1,3.03552,3.175782,0.1402619999999999,0.1402619999999999,0.019673428643999968,4.516347780223853,53041,237.62560001341626,ok,
30563,CCOC(=O)c1cnn([C@@H]2CCCN(C(=O)c3cc(C)ccc3O)C2)c1,2.55112,2.461231,-0.08988899999999989,0.08988899999999989,0.00808003232099998,3.5867001333306416,53040,237.58529999759048,ok,
30640,CCCN1C(=O)c2ccccc2N[C@@H]1c1ccc(-c2ccc(S(=O)(=O)N3CCOCC3)cc2)o1,3.944,3.969728,0.025727999999999973,0.025727999999999973,0.0006619299839999986,0.6502118849674887,53041,237.37500002607703,ok,
30753,CC[NH2+][C@@]1(CO)CCC[C@H](n2nc(C)c(Br)c2C)C1,1.6919400000000002,1.587891,-0.10404900000000028,0.10404900000000028,0.010826194401000059,6.344778130336611,53042,237.31310002040118,ok,
31018,CCC(CC)C(=O)Nc1ccc(C)c(S(=O)(=O)N(CC)CC)c1,3.40022,3.175782,-0.22443800000000014,0.22443800000000014,0.05037241584400006,6.825971159984444,53037,237.54350002855062,ok,
31086,C[C@@H]1CCCC[C@H]1NC(=O)CN1CCO[C@H](CC(=O)[O-])C1,-0.4779,-0.43667,0.04122999999999999,0.04122999999999999,0.001699912899999999,9.01625900696502,53040,237.75120003847405,ok,
31094,Cc1nnc2n1CCC[C@H]2NC(=O)N[C@@H]1CCC[C@@H]1c1ccc(F)cc1,3.19602,3.294874,0.09885400000000022,0.09885400000000022,0.009772113316000043,3.045928650198269,53040,237.54189995815977,ok,
31097,CSc1cccc(NC(=O)[C@@H](C)[NH2+][C@H](C)c2ccc3c(c2)OCO3)c1,2.7888,2.739112,-0.049688000000000176,0.049688000000000176,0.0024688973440000176,1.7977131329152913,53042,237.40089999046177,ok,
31160,C[C@H](NC(=O)NCC(C)(C)C(N)=O)c1ccc(OC(F)F)cc1,2.1597,2.540626,0.3809260000000001,0.3809260000000001,0.14510461747600006,16.208492772628965,53037,237.584299989976,ok,
31172,C[C@@H]1C[C@H]2CCCC[C@@H]2[NH+]1Cc1ccnn1C,1.156,1.111524,-0.04447599999999996,0.04447599999999996,0.0019781145759999964,3.9228691736008052,53038,237.750300031621,ok,
31735,C[C@H]1CC=C2C(C#N)=C(N)C(C#N)(C#N)[C@H](c3cccc(Cl)c3)[C@@H]2C1,4.17964,4.08882,-0.0908199999999999,0.0908199999999999,0.008248272399999982,2.1967815046574546,53039,237.60170000605285,ok,
31870,Cc1ccc2c(c1)N(C(=O)c1ccc(NC(=O)C(C)C)cc1)C[C@H](C)O2,4.01722,4.08882,0.07160000000000011,0.07160000000000011,0.005126560000000015,1.76658393000775,53042,237.60870000114664,ok,
32227,N#Cc1ccc(C(=O)N(c2ccc(C#N)cc2)C2CC2)cc1,3.23916,3.136085,-0.10307500000000003,0.10307500000000003,0.010624455625000006,3.2336012184629777,53038,237.66130005242303,ok,
32345,C[C@@H](NC(=O)Nc1ccccc1)C(=O)NCC1(c2ccncc2)CC1,2.4396,2.342139,-0.09746100000000002,0.09746100000000002,0.009498646521000003,4.076383089917707,53042,237.56900004809722,ok,
32558,CC(=O)N1CC[C@@H]([NH2+][C@@H](C)CCC2CCCC2)C1,1.5295,1.706983,0.17748299999999984,0.17748299999999984,0.03150021528899994,10.967646052829558,53038,237.55050002364442,ok,
32757,CCN(CC)C(=O)c1ccc(NC(=O)N2CCC(C)CC2)cc1,3.4324,3.612452,0.18005200000000032,0.18005200000000032,0.03241872270400012,5.111590704815383,53042,237.5412000110373,ok,
32760,C[C@@H](NCc1ccc(OC(F)F)c(Br)c1)C(=O)N1CCOCC1,2.3874,2.302442,-0.08495799999999987,0.08495799999999987,0.007217861763999978,3.6230644870338855,53042,237.64730000402778,ok,
32877,[NH3+]CC1CN([C@H]2CCOC3(CCSCC3)C2)C1,0.6049,1.071826,0.46692599999999995,0.46692599999999995,0.21801988947599996,55.69496745443203,53039,237.7571000251919,ok,
32935,CN1CC(=O)N(CCCC(C)(C)C(N)=S)CC1=O,0.3795,0.516065,0.136565,0.136565,0.018649999224999998,30.498065467051525,53042,237.9609000054188,ok,
33112,COc1cc([C@@H]2CC(=O)Nc3nc(N)[nH]c(=O)c32)ccc1OCc1cccc(C)c1,2.72222,3.05669,0.33447000000000005,0.33447000000000005,0.11187018090000003,11.57553933181171,53038,237.58710001129657,ok,
33211,COc1ccccc1[C@H](CNC(=O)Nc1ccncc1)[NH+]1CCCCC1,2.0218,2.103956,0.08215600000000034,0.08215600000000034,0.006749608336000056,3.9825913117499114,53039,237.39490000298247,ok,
33216,Cc1cc(CN2CC[NH+](C3CCSCC3)CC2)on1,0.57912,0.476367,-0.10275299999999998,0.10275299999999998,0.010558179008999996,19.470254015445,53042,237.49779997160658,ok,
33217,COc1ccccc1CN(Cc1ccco1)C(=O)C1=C(c2ccccc2)S(=O)(=O)CCO1,3.6308,3.453663,-0.17713699999999966,0.17713699999999966,0.03137751676899988,5.000717767881621,53041,237.52730002161115,ok,
33298,COCCOc1ccc([C@H]([NH3+])C(=O)[O-])cc1OC,-1.2467,-1.190918,0.055782,0.055782,0.0031116315239999998,4.576763053111685,53039,237.64930001925677,ok,
33503,C[C@@H](Oc1ccc(C#N)cc1)C(=O)N1CCN(c2ccccc2O)CC1,2.37998,1.826075,-0.5539050000000003,0.5539050000000003,0.30681074902500033,26.338457295494248,53042,237.4957000138238,ok,
33641,CCCC(=O)c1c(Nc2ccc(Br)cc2)cc(C)oc1=O,4.437119999999998,4.3667,-0.0704199999999986,0.0704199999999986,0.004958976399999802,1.5997601041365819,53040,237.48810001416132,ok,
33984,COc1cccc2c1C[C@@H](C)[C@@H](C)[C@@H]2Cl,3.8034,3.49336,-0.31003999999999987,0.31003999999999987,0.09612480159999992,8.498018298532497,53037,237.8004000056535,ok,
34084,C[C@H](NC(=O)COc1cccc(-c2nnco2)c1)c1ccccc1,2.9928,2.977296,-0.015503999999999962,0.015503999999999962,0.00024037401599999884,0.5193886329466046,53040,237.56189999403432,ok,
34118,Cc1nc(CSCCC(=O)N2CCC[C@@H](c3nc4ccccc4s3)C2)cs1,5.09072,5.120948,0.030228000000000144,0.030228000000000144,0.0009137319840000087,0.5920286480132363,53037,237.6510999747552,ok,
34135,CC[C@H](C)NC(=O)C[NH2+][C@H](C)c1c(C)noc1C,0.83054,0.754248,-0.07629199999999992,0.07629199999999992,0.005820469263999987,9.628038576768617,53040,237.52359999343753,ok,
34223,COc1ccc(C(=O)C2=C([O-])C(=O)N(CC[NH+](C)C)[C@@H]2c2ccc(F)cc2)cc1,0.3594,0.317578,-0.04182199999999997,0.04182199999999997,0.0017490796839999974,12.355497519860311,53039,237.64210002264008,ok,
34248,CCn1cc(C(=O)N2CCC(c3nc(C)no3)CC2)cn1,1.61422,1.826075,0.2118549999999999,0.2118549999999999,0.04488254102499996,12.316094986040437,53037,237.45699995197356,ok,
34266,COc1ccccc1C[C@@H](C)N(C)C(=O)CCc1ccco1,3.3104,3.136085,-0.174315,0.174315,0.030385719225,5.408063464042808,53038,237.7771000028588,ok,
34579,Cc1ccc(NC(=O)CN(C)C(=O)c2cccc(Br)n2)nc1,2.25822,2.302442,0.044221999999999984,0.044221999999999984,0.0019555852839999986,1.9392798677034158,53041,237.67370003042743,ok,
34783,O=C(c1ccc(Br)cc1)N1CCC2=c3ccccc3=[NH+][C@H]2[C@@H]1c1cccnc1,1.3646,1.349707,-0.014893000000000045,0.014893000000000045,0.00022180144900000134,1.0973703416746923,53040,237.83200001344085,ok,
34943,O=C(C[n+]1ccc2c(c1)CCCC2)NCc1cccc(Cl)c1,2.8227,3.096387,0.2736869999999998,0.2736869999999998,0.07490457396899988,9.247608626127636,53041,237.7762999967672,ok,
35109,C[C@@H](O)CN(c1ccccc1)S(=O)(=O)c1ccc2c(c1)OCCO2,2.0339,2.540626,0.506726,0.506726,0.256771239076,22.15425160989357,53038,237.6253000111319,ok,
35186,CCCc1[nH+]c([C@H]2C[NH+]3CCN2CC3)nc(NCC)c1Br,0.2977,0.238184,-0.05951600000000001,0.05951600000000001,0.0035421542560000016,22.212269819587824,53040,237.696300027892,ok,
35228,CC(C)(C)c1cc(NC(=O)[C@@H]2[C@@H]3C=C[C@@H](C3)[C@@H]2C(=O)[O-])no1,1.0988,1.032129,-0.06667099999999992,0.06667099999999992,0.00444502224099999,6.25745860138934,53041,237.76019999058917,ok,
35375,COc1cccc(N2CCN(C(=O)Cn3cc4c(n3)CC[C@@H](C)C4)CC2)c1,2.3653,2.302442,-0.06285799999999986,0.06285799999999986,0.003951128163999982,2.693293673900565,53041,237.47029999503866,ok,
35385,C[C@H](CCc1cccc(F)c1)C(=O)NNC(=O)Cc1ccc(Cl)cc1,3.4379,3.413966,-0.023934000000000122,0.023934000000000122,0.0005728363560000058,0.698612611513422,53042,237.60409996611997,ok,
35454,C[C@H]1C[C@@H](C)C[NH+](Cc2csc(NC(=O)COc3ccc(Cl)cc3)n2)C1,2.8748,2.818506,-0.056293999999999844,0.056293999999999844,0.0031690144359999826,1.9775504777013513,53038,237.46879998361692,ok,
35575,Cc1cccc(CS(=O)(=O)NC[C@@]2(O)CCOc3ccccc32)c1,2.08472,2.302442,0.2177220000000002,0.2177220000000002,0.04740286928400008,9.925414197150696,53041,237.6149999909103,ok,
35724,CC(C)CNC(=O)NC(=O)CSc1nc2ccccc2c(=O)n1C1CC1,2.3053,2.381836,0.07653599999999994,0.07653599999999994,0.005857759295999991,3.26578959944836,53042,237.48749995138496,ok,
35778,O=C(CCC(F)(F)F)Nc1ccc2[nH]c([C@@H]3CCCO3)nc2c1,3.6954,3.810938,0.11553800000000036,0.11553800000000036,0.013349029444000083,3.078411870075671,53041,237.7866000169888,ok,
35874,CC[C@H]1CO[C@H](C)CN1CC[C@@H]1CCC[C@]1([NH3+])CO,0.6489,0.555762,-0.09313800000000005,0.09313800000000005,0.00867468704400001,15.462926530429293,53038,239.87839999608696,ok,
36017,Cc1ccc2nc(NC(=O)C[NH+]3CCC(Cn4nc(C)cc4C)CC3)sc2c1,2.35166,1.984864,-0.3667959999999999,0.3667959999999999,0.13453930561599992,16.91659033825248,53039,236.84200004208833,ok,
36032,CC(C)COC(=O)[C@@H](C)CS(=O)(=O)c1ccc(Br)cc1,3.0581,2.937598,-0.12050200000000011,0.12050200000000011,0.014520732004000026,4.019615397573397,53042,237.25750000448897,ok,
36063,Cc1ccoc1[C@@H](C)[NH2+]CCS(=O)(=O)N1CCOCC1,-0.12558,0.039697,0.165277,0.165277,0.027316486729000004,199.99999999999997,53042,237.45740001322702,ok,
36166,Cc1csc(SCc2ccc(C(=O)N3CCO[C@H](C)C3)cc2)n1,3.60472,3.374268,-0.2304520000000001,0.2304520000000001,0.05310812430400005,6.604166678607274,53045,237.48039995552972,ok,
36199,C[C@H]1CCC[C@@H](n2cnnc2SCC(=O)[O-])C1,0.8713,0.516065,-0.35523499999999997,0.35523499999999997,0.12619190522499998,51.210027642329166,53038,237.5785000040196,ok,
36280,CCN(CC)C(=O)c1ccccc1NC(=O)NCCc1ccc(F)cc1F,3.811,3.612452,-0.19854799999999972,0.19854799999999972,0.03942130830399989,5.3492095052274795,53038,237.71080002188683,ok,
36366,Cc1ccc([C@@H](CNC(=O)NCCC(=O)N(C)C)N2CCOCC2)cc1,1.14582,0.913037,-0.23278300000000007,0.23278300000000007,0.054187925089000034,22.61283809414642,53041,237.68620000919327,ok,
36414,O=C(Nc1ccn(Cc2ccccn2)n1)c1c[nH]c2cccc(F)c12,3.1991,3.016993,-0.18210700000000024,0.18210700000000024,0.033162959449000086,5.859210922359117,53041,237.64790000859648,ok,
36424,Cc1ccc(Cl)c(NC(=O)C[NH+]2CCC[C@H]2C(=O)[O-])c1Cl,0.03752,0.317578,0.28005800000000003,0.28005800000000003,0.07843248336400002,157.7356110144242,53038,237.69160005031154,ok,
36476,Cc1cc(C)cc([C@@H]2CCCN2C(=O)c2nccn3ccnc23)c1,3.32344,2.977296,-0.34614400000000023,0.34614400000000023,0.11981566873600016,10.987414803603903,53041,237.56710003362969,ok,
36579,CCc1c([O-])nc([C@](C)([NH3+])CC)[nH]c1=O,-0.727,-0.833643,-0.10664300000000004,0.10664300000000004,0.011372729449000009,13.666546417085783,53038,237.77840001275763,ok,
36732,C/C(CCc1ccccc1)=N/NC(=O)C(=O)Nc1ccc(Cl)cc1,3.4034,3.49336,0.08996000000000004,0.08996000000000004,0.008092801600000006,2.6087612154112954,53039,237.78970004059374,ok,
36897,C=C1c2ccccc2C(=O)N1CC(=O)NCCNc1cccc(F)c1C#N,2.35218,2.461231,0.10905100000000001,0.10905100000000001,0.011892120601000002,4.5311318730106365,53041,237.69719997653738,ok,
37316,[NH3+]CCOC[C@@H]1CSc2ccccc21,1.1344,1.429102,0.294702,0.294702,0.08684926880400001,22.992141219316387,53040,237.74880002019927,ok,
37566,CCCCN(CC)C(=O)c1cn(C2C[NH2+]C2)nn1,-0.3416,-0.516065,-0.17446499999999998,0.17446499999999998,0.030438036224999993,40.683716835827504,53041,238.1473999703303,ok,
37700,CC(C)[C@H](C)NC(=O)[C@H]1CSCN1C(=O)c1cccc(-c2ccoc2)c1,3.6224,3.612452,-0.009947999999999624,0.009947999999999624,9.896270399999252e-05,0.2750021700512913,53037,237.5900000333786,ok,
37889,CC[NH2+][C@@H](c1ccc(OCC)cc1)c1ccc(F)cn1,2.2921,2.18335,-0.10875000000000012,0.10875000000000012,0.011826562500000026,4.859846495883101,53041,237.7505999756977,ok,
38064,CCN(CCC#N)C(=O)C[NH+]1CCC[C@@H]1c1cccc(N(C)C)c1,1.23458,1.429102,0.19452200000000008,0.19452200000000008,0.03783880848400003,14.605497202744177,53039,235.82440003519878,ok,
38504,NS(=O)(=O)NC[C@@H]1CCCN(C(=O)N2CCCC2)C1,-0.2927,-0.357275,-0.064575,0.064575,0.004169930624999999,19.869994999807684,53040,236.85339995427057,ok,
38676,CS[C@@H]1CC[C@@H](NC(=O)c2ccc(OCc3ccccn3)cc2)C1,3.6745,3.572755,-0.1017450000000002,0.1017450000000002,0.01035204502500004,2.807821720085748,53038,236.90390004776418,ok,
39118,COc1cc([C@H]2c3c(oc4ccc(C)cc4c3=O)C(=O)N2c2ccc(C)cn2)cc(OC)c1OC,4.58044,4.485792,-0.09464800000000029,0.09464800000000029,0.008958243904000055,2.087923626926827,53042,236.94809997687116,ok,
39983,CC[NH+](CC)Cc1c(O)ccc2c(C)c(C)c(=O)oc12,1.54014,1.627588,0.08744799999999997,0.08744799999999997,0.0076471527039999945,5.521181111509573,53040,237.3896000208333,ok,
40237,Cn1ccnc1SCC(=O)N1CCN(S(=O)(=O)c2ccccc2[N+](=O)[O-])CC1,0.9535,1.151221,0.19772100000000004,0.19772100000000004,0.039093593841000016,18.788333465575725,53041,237.4409000040032,ok,
40320,CC[C@H]1CC[C@](C[NH3+])([C@](C)(O)c2ccccc2OC)C1,2.3411,2.262745,-0.07835500000000017,0.07835500000000017,0.0061395060250000275,3.4038939191045823,53039,237.65159997856244,ok,
40332,Cc1ccc([C@@H]2[C@@H]3[NH+]=c4ccccc4=C3CCN2C(=O)C2CCC2)cc1,1.0018200000000002,0.992432,-0.009388000000000174,0.009388000000000174,8.813454400000327e-05,0.9415058879219049,53037,237.55459999665618,ok,
40403,CC[C@H](NC(=O)C1(c2cccc(C)c2)CCCC1)C(=O)OC,2.87462,2.977296,0.10267599999999977,0.10267599999999977,0.010542360975999952,3.5091412795398895,53040,237.43900004774332,ok,
40406,O=C(CSc1nncs1)Nc1cccc(S(=O)(=O)N2CCCCC2)c1,2.4435,2.421534,-0.02196599999999993,0.02196599999999993,0.0004825051559999969,0.9030152718357131,53037,237.58030001772568,ok,
40462,Brc1ccccc1CN1CCC([NH2+]C[C@H]2CCCO2)CC1,2.1559,1.905469,-0.25043099999999985,0.25043099999999985,0.06271568576099992,12.332344093826483,53041,237.6823999802582,ok,
40800,Cc1cccc2c(C(=O)[O-])cc(=O)[nH]c12,0.20002,0.476367,0.276347,0.276347,0.076367664409,81.71268815042278,53039,237.89389996090904,ok,
40909,C=CCNCC(=O)OC1CC[NH+](C)CC1,-1.0177,-0.913037,0.10466300000000006,0.10466300000000006,0.010954343569000012,10.841766641443144,53038,237.96860000584275,ok,
41010,Cc1ccc([C@H](C)NC(=O)C=C2CN(C(=O)OC(C)(C)C)C2)s1,3.41082,3.49336,0.08253999999999984,0.08253999999999984,0.006812851599999973,2.3910152979789006,53039,237.60449996916577,ok,
41143,C[C@H]1C[C@@H]1NC(=O)c1cnn(-c2ccc(Cl)cc2Cl)c1,3.3173,3.215479,-0.10182099999999972,0.10182099999999972,0.010367516040999943,3.117233875506878,53039,237.6378999906592,ok,
41306,COc1ccc(OC)c(NC(=O)/C=C/c2cnc3ccccc3n2)c1,3.2989,3.572755,0.27385499999999974,0.27385499999999974,0.07499656102499985,7.9705689531852135,53041,237.5770999933593,ok,
41420,C[C@H]1C(=O)c2cccc(Br)c2S[C@@H]1C,3.7621,3.533057,-0.22904300000000033,0.22904300000000033,0.05246069584900015,6.279316538355524,53042,237.59819997940212,ok,
42852,C[C@@H]1CN(C(=O)c2csc(CC[NH3+])n2)C[C@H]1C,0.6555,0.555762,-0.099738,0.099738,0.009947668643999999,16.468443656285757,53042,237.79889999423176,ok,
42893,COC(=O)N1CCC[C@H](C(=O)N[C@H](C)c2cccc([N+](=O)[O-])c2)C1,2.2504,2.262745,0.012344999999999828,0.012344999999999828,0.00015239902499999576,0.547068618446774,53038,237.7081000013277,ok,
43361,O=C([O-])CN(CC(F)(F)F)C(=O)CC[C@H]1CCC[NH2+]C1,-1.1192,-1.627588,-0.5083880000000001,0.5083880000000001,0.25845835854400007,37.01690847637313,53041,238.31950000021607,ok,
43665,CCCS(=O)(=O)[C@H](C)C(=O)N(C)C1c2ccccc2-c2ccccc21,3.4281,3.294874,-0.13322600000000007,0.13322600000000007,0.01774916707600002,3.96330552520358,53041,237.79739998281002,ok,
44076,CC1=C(CCN(C)C(=O)CN2Cc3ccccc3O[C@H](c3ccsc3)C2)[C@@H](C)N=N1,4.6606,4.247608,-0.412992,0.412992,0.17056239206400003,9.272167870350582,53041,237.4851000495255,ok,
44939,COc1cc(N2CC[NH2+]CC2)ccc1OCc1ccccc1,1.6576,1.508496,-0.1491039999999999,0.1491039999999999,0.02223200281599997,9.418792102324119,53042,237.6137999817729,ok,
45675,Cc1ccc(C)c(OCC2=C[C@@H](C(=O)NC[C@H]3N=NC4=C3CCC4)NO2)c1,2.85814,2.580323,-0.2778170000000002,0.2778170000000002,0.07718228548900011,10.216746900732806,53037,237.18920000828803,ok,
45710,CNC(=O)Nc1ccccc1N1C[C@H](C)O[C@H](C)C1,2.0515,1.786377,-0.2651229999999998,0.2651229999999998,0.07029020512899987,13.816128031200572,53038,237.01129999244586,ok,
45734,Cc1[nH+]ccn1CCCCn1cnc2cccc(Br)c2c1=O,2.5634200000000003,2.381836,-0.1815840000000004,0.1815840000000004,0.03297274905600015,7.343765418817566,53041,237.04050004016608,ok,
45753,C[C@H]1[C@@H](C(=O)[O-])CCN1C(=O)c1cc([N+](=O)[O-])ccc1Br,0.9578,1.071826,0.11402599999999996,0.11402599999999996,0.013001928675999991,11.236158779991975,53038,237.19770001480356,ok,
46027,CCOCCN1CC[NH+](C[C@H]2CCCCO2)CC1,-0.2075,-0.198486,0.009013999999999994,0.009013999999999994,8.12521959999999e-05,4.440547210987568,53042,237.68889997154474,ok,
46237,Cc1ccc(-n2cnnc2SCC(=O)Nc2ccc3[nH]c(=O)[nH]c3c2)cc1Cl,3.12952,3.016993,-0.11252700000000004,0.11252700000000004,0.01266232572900001,3.6614906695877827,53041,237.14849998941645,ok,
46720,Cc1cc(C(=O)N2CCC[C@@H](C)C2)ccc1NC(=O)CCNC(=O)C(C)(C)C,3.35802,3.49336,0.13534000000000024,0.13534000000000024,0.018316915600000063,3.950736931829799,53037,237.2410999960266,ok,
46856,COc1ccc2nc(Cl)c([C@H]3NC(=O)c4ccccc4N3)cc2c1,3.7509,3.49336,-0.2575400000000001,0.2575400000000001,0.06632685160000006,7.110181026081341,53037,237.02230001799762,ok,
47160,CCOC(=O)c1c(-c2ccc(Cl)cc2)csc1NC(=O)[C@]1(C)Oc2ccccc2NC1=O,4.9735,4.406397,-0.5671029999999995,0.5671029999999995,0.3216058126089994,12.091881179505478,53038,237.21749999094754,ok,
47790,CCC[C@H]1C[C@H]1NC(=O)Cn1nnc(-c2ccccc2)n1,1.6449,1.905469,0.26056900000000005,0.26056900000000005,0.06789620376100003,14.678417933459878,53040,237.4580000177957,ok,
48252,COc1ccc(S(=O)(=O)N2CCC[C@H]2C(=O)Nc2nc3c(Cl)c(Cl)ccc3s2)cc1,4.4035,4.207911,-0.195589,0.195589,0.03825505692100001,4.542554059956029,53042,237.16449999483302,ok,
48770,CCc1ccc(CC)c(NC(=O)c2cc(OC)c(S(N)(=O)=O)s2)c1,2.7812,2.62002,-0.16118000000000032,0.16118000000000032,0.025978992400000105,5.96828124016427,53042,237.28549998486415,ok,
48899,CC[C@H](CNC(=O)C(=O)Nc1cc(F)cc(F)c1)[NH+]1CCc2ccccc2C1,1.4393,1.667286,0.22798600000000002,0.22798600000000002,0.05197761619600001,14.677591413854309,53038,237.08980000810698,ok,
48960,CC(C)c1nc(C(=O)Nc2ccc3c(c2)OCCO3)n[nH]1,1.9516,1.826075,-0.1255250000000001,0.1255250000000001,0.015756525625000028,6.645621976480248,53041,237.63380001764745,ok,
49226,COc1ccccc1N/C(=N/C(=O)c1ccc2c(c1)OCO2)NCc1cccnc1,3.217,3.016993,-0.20000700000000027,0.20000700000000027,0.04000280004900011,6.41665783070338,53040,237.3651000089012,ok,
49595,Cc1nc(C(C)C)sc1[C@@H](C)N(C)C(=O)CC(F)(F)F,4.04672,4.247608,0.20088799999999996,0.20088799999999996,0.04035598854399998,4.843984949715033,53039,237.66729998169467,ok,
50024,CCn1c(C[NH+]2CCC(Cc3cccnc3)CC2)nc2c(F)cccc21,2.6279,2.739112,0.11121200000000009,0.11121200000000009,0.01236810894400002,4.144279908448131,53038,237.43520001880825,ok,
50227,O=C(N[C@@H]1CC(=O)N(c2ccccc2)C1)N[C@@H]1CC(=O)N(C2CC2)C1,0.8544,1.627588,0.773188,0.773188,0.5978196833439999,62.30392733566801,53042,237.51810000976548,ok,
50268,Cc1ccnc2c1nc(N)n2C(C)(C)C,2.07692,2.024561,-0.052359000000000044,0.052359000000000044,0.0027414648810000046,2.5531753042376666,53043,237.64040000969544,ok,
50348,C[C@@H](NC(=O)C(=O)Nc1cnc(-c2ccccc2)s1)[C@@H]1CCCO1,2.4323,2.540626,0.10832599999999992,0.10832599999999992,0.011734522275999984,4.35663028164907,53039,237.74489999050274,ok,
50390,O=C(CSc1nnc(Cc2cccs2)n1C1CC1)N1CC=C(c2ccccc2)CC1,4.6733,4.644581,-0.028719000000000605,0.028719000000000605,0.0008247809610000348,0.6164277049685568,53038,237.48630000045523,ok,
50550,Cc1cc(CNC(=O)c2ccc(N)cc2)cc(C)c1F,2.95474,2.818506,-0.13623399999999997,0.13623399999999997,0.01855970275599999,4.719494024678663,53039,237.60150000452995,ok,
50743,Cc1ccc(NC(=O)[C@H](C)c2cccs2)cc1N1CCOC1=O,3.75532,3.810938,0.055617999999999945,0.055617999999999945,0.003093361923999994,1.4701586966767441,53042,237.546399992425,ok,
50961,CC(C)[C@H](CO)NC(=O)C[C@@H](C)O,-0.1096,-0.277881,-0.168281,0.168281,0.028318494960999994,86.85896856878144,53040,238.0189000396058,ok,
51241,COC(=O)[C@@H]1CCC[C@H]1NC(=O)c1ccc(F)cc1O,1.6028,1.826075,0.2232749999999999,0.2232749999999999,0.049851725624999954,13.023221902227402,53039,237.7773000043817,ok,
51327,C[C@H](NC(=O)c1ccco1)C(=O)N1CCC[C@@H]1c1ccccc1Cl,3.415,3.334571,-0.08042900000000008,0.08042900000000008,0.006468824041000014,2.3832329491755875,53041,237.82340000616387,ok,
51895,COc1ccc(C(=O)N2CCC3(CC2)OCCN3S(=O)(=O)c2ccc(C)cc2)c(OC)c1OC,2.67422,2.381836,-0.2923840000000002,0.2923840000000002,0.08548840345600012,11.565694683761421,53038,237.21990000922233,ok,
52000,Cc1nn(C)cc1[C@H](C)NS(=O)(=O)N(C)C(C)C,0.96412,0.992432,0.028312000000000004,0.028312000000000004,0.0008015693440000002,2.894070793927277,53042,237.48030001297593,ok,
52050,CC(C)Cn1cc[nH+]c1CNC(=O)N[C@H](CO)c1ccc(Cl)c(F)c1,2.2835,2.223047,-0.06045299999999987,0.06045299999999987,0.0036545652089999842,2.6828966834252417,53038,237.40019998513162,ok,
52077,C[NH+](C)C[C@@H]1CSCCCN1S(=O)(=O)Cc1cccc(F)c1,0.6075,0.714551,0.10705100000000001,0.10705100000000001,0.011459916601000002,16.194685379005804,53038,237.49749996932223,ok,
52098,CCOc1ccc(NC(=O)[C@H](C)Sc2c([O-])on[n+]2-c2ccccc2)cc1,2.5429,2.62002,0.07711999999999986,0.07711999999999986,0.005947494399999978,2.9874567105436403,53039,237.483799981419,ok,
52380,O=C(NCCNC(=O)[C@H]1SCCc2sccc21)c1cccnc1,2.0197,2.262745,0.24304499999999996,0.24304499999999996,0.05907087202499998,11.350758737123304,53042,237.52759996568784,ok,
52626,O=C([O-])C[C@H](C(=O)Nc1ccc([N+](=O)[O-])cc1)[C@H]1CCCO1,0.4685,0.595459,0.12695899999999993,0.12695899999999993,0.016118587680999982,23.865393309328635,53042,237.37799999071285,ok,
52630,Cc1ccc(CCNC(=O)CCCc2nnc3n4nc(C)nc4c4ccccc4n23)cc1,3.22364,3.374268,0.15062799999999976,0.15062799999999976,0.022688794383999927,4.565932110602323,53038,237.20499995397404,ok,
52690,O=C([O-])[C@H]1CCCC[C@H]1C(=O)N1CCN(S(=O)(=O)c2ccc(F)cc2)CC1,0.2149,-0.277881,-0.492781,0.492781,0.24283311396100002,200.0,53042,237.55030002212152,ok,
52958,CC(C)[C@@H]1Oc2cc(O)ccc2C(=O)[C@@H]1c1nc2ccccc2[nH]1,3.652,3.652149,0.00014899999999995472,0.00014899999999995472,2.220099999998651e-08,0.004079872959874031,53042,237.30020003858954,ok,
53015,C[C@H](Sc1nnc(Cc2cccs2)n1C1CCCCC1)C(=O)N(C)C,4.0044,4.80337,0.7989699999999997,0.7989699999999997,0.6383530608999995,18.1423901850298,53039,237.51230002380908,ok,
53017,O=C(N[C@@H]1CCSc2ccc(F)cc21)c1cccc(S(=O)(=O)N2CCCC2)c1,3.5771,3.453663,-0.12343700000000002,0.12343700000000002,0.015236692969000005,3.5113400921066464,53039,237.37980000441894,ok,
53862,O=C(c1ccncc1Cl)N1CCC[C@@H]1c1cccc(Cl)c1,4.3657,3.890333,-0.4753670000000003,0.4753670000000003,0.2259737846890003,11.515627420578388,53041,237.727600033395,ok,
54225,CCOc1cc(C)ccc1NC(=O)C(=O)Nc1cn[nH]c1,1.69402,1.627588,-0.06643200000000005,0.06643200000000005,0.004413210624000006,3.9999903661118372,53042,237.60490003041923,ok,
55273,O=C(Nc1ccc(F)cc1)[C@@H]1CCCN(c2ccc(-n3cccn3)nn2)C1,2.6565,2.580323,-0.07617699999999994,0.07617699999999994,0.005802935328999991,2.9092829755750746,53039,237.57920000934973,ok,
55361,N#Cc1cccc(NC(=O)COc2ccc3cc(Br)ccc3c2)c1,4.49148,4.3667,-0.12478000000000034,0.12478000000000034,0.015570048400000083,2.8172830084735314,53042,237.68520000157878,ok,
55394,COc1ccc(S(=O)(=O)N2CCOc3ncc(C)cc32)cc1,1.98632,1.865772,-0.1205480000000001,0.1205480000000001,0.014531820304000024,6.258832862766523,53041,237.61630000080913,ok,
55467,Cc1ccc(SCC(=O)Nc2nc3ccc(C)cc3s2)cc1,4.64394,4.287306,-0.3566339999999997,0.3566339999999997,0.12718780995599976,7.986209315027258,53041,237.67940001562238,ok,
55538,O=C(NC[C@@H]1CCC[NH2+]1)[C@H]1CSc2ccccc21,0.7179,0.833643,0.11574300000000004,0.11574300000000004,0.013396442049000009,14.919728296283123,53041,237.65560000902042,ok,
55559,C#CCN(CC#C)Cc1c(C)nc2sccn12,1.77262,1.74668,-0.025940000000000074,0.025940000000000074,0.0006728836000000039,1.4741567925439758,53039,237.68530000234023,ok,
55754,C[C@@H](O)CCNC(=O)N[C@H](C)c1ccc(Cl)s1,2.5326,2.381836,-0.15076400000000012,0.15076400000000012,0.022729783696000035,6.13555655216591,53043,237.69799998262897,ok,
55756,Cc1c(C)n(Cc2ccncc2)c2nc[n+](CCCN3CCOCC3)c(N)c12,1.6884400000000002,1.786377,0.09793699999999994,0.09793699999999994,0.009591655968999989,5.636958723293914,53043,237.6757000456564,ok,
55920,COc1ccccc1[C@@H](C)CC(=O)O[C@@H](C)c1nccs1,3.9497,3.612452,-0.33724799999999977,0.33724799999999977,0.11373621350399984,8.91936581015562,53043,237.82060004305094,ok,
55982,CCn1c(SCC(=O)N2CCCCCC2)nnc1-c1ccc2c(c1)CCCC2,4.3385,4.08882,-0.24967999999999968,0.24967999999999968,0.06234010239999984,5.925489954101653,53039,237.63899999903515,ok,
56082,O=C(CCc1ccccc1)[C@@H]1CCCN(C(=O)c2ccc(CO)cc2)C1,3.233,3.255177,0.022177000000000113,0.022177000000000113,0.000491819329000005,0.6836126696297007,53038,237.49960004352033,ok,
56088,Cc1c([C@@H]2[C@@H]([NH3+])CCN2C2CC2)cnn1C,0.24822,0.0,-0.24822,0.24822,0.0616131684,200.0,53039,237.27589996997267,ok,
56273,O=C1C(/C=N/CCCn2ccnc2)=C([O-])c2ccccc21,1.3119,-0.039697,-1.3515970000000002,1.3515970000000002,1.8268144504090005,200.0,53041,237.85690002841875,ok,
56590,C[C@@H]1CCc2onc(C(=O)NC3=NN(c4ccccc4)CC3)c2C1,2.753,2.659717,-0.093283,0.093283,0.008701718089,3.446808691457543,53042,237.69000003812835,ok,
56608,COc1ccc(CNC(=O)N[C@@H](C)C(C)(C)C)c(OC(F)F)c1,3.5304,3.691847,0.1614469999999999,0.1614469999999999,0.026065133808999965,4.470824661632312,53042,237.6401000074111,ok,
56687,CC(C)c1nc(C[NH+](C[C@@H]2CCCCO2)C(C)C)cs1,2.6289,2.381836,-0.24706399999999995,0.24706399999999995,0.061040620095999976,9.861385632769316,53043,237.56039998261258,ok,
56743,CC1CCC([NH+](C)C[C@H](O)c2ccc(F)c(F)c2)CC1,2.0916,1.786377,-0.305223,0.305223,0.09316107972900001,15.741351740869014,53042,237.38470004172996,ok,
56857,Cc1ccc2c(CC(=O)N3CCC(C(=O)[O-])CC3)coc2c1,1.27222,1.071826,-0.20039399999999996,0.20039399999999996,0.04015775523599999,17.098128620342774,53042,237.20720002893358,ok,
56913,CC(C)C[C@H](CNS(=O)(=O)c1cccc(F)c1)N1CCOCC1,1.8509,1.865772,0.014871999999999996,0.014871999999999996,0.0002211763839999999,0.8002858471234479,53038,237.22720000660047,ok,
57137,Cc1cccc(N2CCN(C(=O)C3CCN(C(=O)c4cc5sccc5n4C)CC3)C[C@H]2C)c1,4.13772,3.890333,-0.2473869999999998,0.2473869999999998,0.061200327768999904,6.163063447637922,53038,237.31830000178888,ok,
57178,CCC(CC)Oc1ccc(N2CCC[C@H]([NH3+])C2)cc1,2.4647,2.262745,-0.20195500000000033,0.20195500000000033,0.04078582202500013,8.543938639159222,53039,237.2101999935694,ok,
57272,COc1cccc(CNC(=O)c2cnc([C@H]3CCCO3)s2)c1O,2.6388,2.699415,0.06061500000000031,0.06061500000000031,0.0036741782250000374,2.2709838401038667,53042,237.445899983868,ok,
57274,C[C@@H]1CCc2c(C(=O)Nc3ccc4c(c3)NC(=O)CS4)csc2C1,4.1694,4.207911,0.03851099999999974,0.03851099999999974,0.00148309712099998,0.9194119688286548,53038,237.48700000578538,ok,
57352,Cc1nn(-c2ccc(Cl)cc2)cc1C(=O)NCCOc1cccnc1,3.03792,3.05669,0.018769999999999953,0.018769999999999953,0.00035231289999999827,0.6159540971448526,53038,237.3673000256531,ok,
57415,Cc1noc(C)c1[C@H](C)[NH2+][C@H](C)C1(C)CC1,2.1044400000000003,2.143653,0.03921299999999972,0.03921299999999972,0.001537659368999978,1.8461460236392995,53040,237.43780003860593,ok,
57425,O=C(Cn1ccc(C(=O)[O-])n1)NC1=NCCS1,-1.5344,-1.508496,0.025903999999999927,0.025903999999999927,0.0006710172159999962,1.702588586662175,53042,237.7621000050567,ok,
57472,O=C(CCn1cncn1)Nc1ccccc1Oc1ccccc1,3.0992,3.136085,0.036884999999999835,0.036884999999999835,0.0013605032249999877,1.183105503597665,53043,237.5643000123091,ok,
57921,CC(=O)c1cccc(OC(=O)CCC(=O)c2ccc(C)c(C)c2)c1,4.07454,4.08882,0.014280000000000292,0.014280000000000292,0.00020391840000000836,0.34985594167108375,53042,237.22060001455247,ok,
57981,CCCCC(=O)N1CCC(c2nc(-c3ccccc3)n[nH]2)CC1,3.3679,3.334571,-0.033329000000000164,0.033329000000000164,0.001110822241000011,0.994528734253387,53039,237.35120001947507,ok,
58030,COc1cccc2c1O/C(=N/O)[C@@H](C(=O)Nc1cccc(C)c1C)C2,3.28954,3.572755,0.2832149999999998,0.2832149999999998,0.08021073622499987,8.254235645654983,53038,237.47130000265315,ok,
58239,Cc1cc(Br)ccc1CC(=O)[O-],1.04992,0.754248,-0.29567199999999993,0.29567199999999993,0.08742193158399997,32.776548525414476,53041,237.7497999696061,ok,
58393,C=C(Br)Cn1c([C@@H]2CC(=O)N(c3ccc(F)cc3)C2)nc2ccccc21,4.6045,4.604884,0.00038400000000038403,0.00038400000000038403,1.4745600000029495e-07,0.008339319980584674,53039,237.66159999649972,ok,
58537,C[C@H]1CN(CC(=O)Nc2cc(-n3cnnn3)ccc2Cl)C(C)(C)CO1,1.7535,1.627588,-0.12591200000000002,0.12591200000000002,0.015853831744000006,7.448016733075272,53036,237.56129998946562,ok,
58543,CC(C)[C@@H](NC(=O)c1ccc2[nH]nnc2c1)C(=O)[O-],-0.5378,-0.476367,0.06143299999999996,0.06143299999999996,0.003774013488999995,12.11496725884395,53038,237.92439996032044,ok,
58566,CCCC[NH+](CC)Cc1cc(Cl)cc2c1OCOC2,2.4114,2.143653,-0.26774699999999996,0.26774699999999996,0.07168845600899998,11.756043233745029,53040,237.70959995454177,ok,
59301,CSc1ccccc1NC(=O)CN(C)C(=O)[C@@H]1CC(=O)N([C@H]2CCC[C@@H](C)[C@H]2C)C1,3.4786,3.533057,0.054456999999999756,0.054456999999999756,0.0029655648489999736,1.5533275515331044,53037,237.396499956958,ok,
59855,CCOC[C@@H]1CCCN(CN2C(=O)C(=O)c3cccc(F)c32)C1,2.061,1.945166,-0.11583399999999999,0.11583399999999999,0.013417515555999997,5.782785835634368,53038,237.69879998872057,ok,
59974,CC[NH2+][C@@H](c1ccccc1)C1(C)CCCC1,2.8913,2.977296,0.08599599999999974,0.08599599999999974,0.007395312015999955,2.930718011599358,53037,237.8076000022702,ok,
60422,CCC[C@H]1CN(C(=O)c2sc(CC(C)C)nc2C)CCO1,3.29112,3.294874,0.003754000000000257,0.003754000000000257,1.4092516000001931e-05,0.11399949650729282,53043,237.73549997713417,ok,
60438,C[C@@H](c1ccc(F)cc1)N(C)C(=O)CCOc1ccccc1,3.8142,3.612452,-0.20174799999999982,0.20174799999999982,0.040702255503999925,5.433080747556229,53039,237.65590001130477,ok,
64286,CC(C)C[NH+](C[C@@H]1CC[C@@H]2CCCC[C@@H]2[NH2+]1)C(C)C,1.2203,1.508496,0.2881960000000001,0.2881960000000001,0.08305693441600007,21.12257567073538,53039,237.72309999912977,ok,
64488,O=NNc1ncc(Cl)cc1Cl,2.4817,3.016993,0.5352929999999998,0.5352929999999998,0.28653859584899977,19.46982673882684,53040,237.96430003130808,ok,
64640,CN(C(=O)C1CC1)[C@@H]1[C@H]2[C@@H]3CC[NH+]2C[C@H]1O3,-1.3384,-1.468799,-0.13039899999999993,0.13039899999999993,0.017003899200999983,9.29032818834717,53039,238.16450004233047,ok,
64888,CC[C@H]1C(=O)NC(C)(C)C(=O)N1C[C@]1(C)CCCO1,1.0711,0.754248,-0.3168519999999999,0.3168519999999999,0.10039518990399994,34.716886862121626,53041,237.94149997411296,ok,
65016,O=C(NCc1ccccc1Cn1cncn1)c1ccc(=O)[nH]c1,0.9447,0.913037,-0.031663,0.031663,0.0010025455689999998,3.4087709939566255,53041,237.68710001604632,ok,
65064,C[C@H](N[C@@H]1CCN(c2ccc(Cl)cc2)C1=O)c1cncc(F)c1,3.3302,3.49336,0.16315999999999997,0.16315999999999997,0.02662118559999999,4.782254424376717,53043,237.83779999939725,ok,
65123,CNC(=O)[C@@H]1CCCN1C(=O)Nc1cnn(C(C)(C)C)c1,1.3804,1.508496,0.128096,0.128096,0.016408585215999996,8.868162786060834,53039,237.7814999781549,ok,
65127,CS(=O)(=O)C[C@@H](NC(=O)NCc1cccs1)c1ccccc1,2.3332,2.342139,0.008938999999999808,0.008938999999999808,7.990572099999656e-05,0.3823893839569626,53042,237.79610003111884,ok,
65213,C[C@H](Cn1cccn1)[NH2+]Cc1cc(-c2ccccc2Cl)on1,2.3436,2.223047,-0.12055299999999969,0.12055299999999969,0.014533025808999924,5.279716168120711,53039,237.69360000733286,ok,
65279,CC[C@H]1CN(C(=O)Cn2c(C)nc3ccccc3c2=O)C[C@@H]1[NH+](C)C,0.08642,0.198486,0.112066,0.112066,0.012558788356,78.66875390479667,53041,237.10049997316673,ok,
65374,COc1ccc(C(=O)NN)cc1S(=O)(=O)N(C)C,-0.451,-0.595459,-0.14445899999999995,0.14445899999999995,0.020868402680999987,27.609108431386215,53039,237.55060002440587,ok,
65562,COc1ccc(OC)c2c1N[C@H](c1ccccc1Cl)[C@H]1CC=C[C@@H]21,5.1837,5.041554,-0.14214600000000033,0.14214600000000033,0.020205485316000093,2.78029279272672,53039,237.7003000001423,ok,
65594,Cn1ncc(C(=O)Nc2ccc(Cl)cc2)c1C(F)(F)F,3.3446,3.413966,0.06936600000000004,0.06936600000000004,0.004811641956000005,2.052683956922224,53042,237.75609995936975,ok,
65674,Cc1cccc(N2CCN(C(=O)c3noc4c3CCCCC4)CC2)c1C,3.52274,3.175782,-0.3469580000000003,0.3469580000000003,0.12037985376400022,10.359240441398873,53039,237.5633000046946,ok,
66762,CC[C@@H](Nc1ccc(S(=O)(=O)NC)cc1[N+](=O)[O-])C1CCOCC1,2.12,1.865772,-0.2542280000000001,0.2542280000000001,0.06463187598400007,12.75677585170452,53039,237.69919999176636,ok,
66940,CCC(C)(CC)[NH2+]CC(=O)N(C)[C@H](C)c1ccc(F)c(F)c1,2.6263,2.580323,-0.04597700000000016,0.04597700000000016,0.0021138845290000143,1.766096757917758,53043,237.59289999725297,ok,
67007,CC[C@H](C)N(C)C(=O)Nc1ccc(N(C)C)cc1,3.0148,3.49336,0.4785599999999999,0.4785599999999999,0.2290196735999999,14.706460812272589,53039,237.6059999805875,ok,
67338,CCN([C@@H](C)C(=O)Nc1ccc(C)cc1)S(=O)(=O)c1ccccc1Cl,3.68622,3.413966,-0.2722540000000002,0.2722540000000002,0.07412224051600012,7.668925856308559,53042,237.68780002137646,ok,
67730,CC[C@@H](C)N(CC(=O)[O-])C(=O)c1ccc(F)c(F)c1F,1.0945,1.230615,0.13611499999999999,0.13611499999999999,0.018527293224999995,11.708238087148375,53042,237.8061000490561,ok,
67930,C[NH+]1CCN(c2ncnc(NCCc3ccccc3)c2N)CC1,0.0481,-0.43667,-0.48477,0.48477,0.23500195289999998,200.0,53042,237.75899998145178,ok,
68153,Cc1cc(C)c2c(=O)n([C@H](C)C(=O)Nc3c(C)cccc3C)c(=O)n(C)c2n1,2.52858,2.381836,-0.14674399999999999,0.14674399999999999,0.021533801535999996,5.9768459535811225,53043,237.42669995408505,ok,
68247,O=C(NCCOc1cccnc1)C1CCC1,1.3767,1.429102,0.05240200000000006,0.05240200000000006,0.0027459696040000063,3.7352600076555693,53042,237.77750000590459,ok,
68349,Cc1cc(C)n(C[C@H](C)CNC(=O)NC2CCCCCCC2)n1,3.54814,3.016993,-0.5311470000000003,0.5311470000000003,0.28211713560900026,16.18084507960464,53037,236.68580001685768,ok,
68615,O=c1c2ccccc2nc(/C=C\c2c[nH]c3ccccc23)n1-c1ccccc1,5.0374,4.485792,-0.5516079999999999,0.5516079999999999,0.30427138566399986,11.58451914022105,53041,236.86870001256466,ok,
68746,O=C(NCc1ccc(Cl)nc1)[C@@H]1CC(=O)N(CC(F)(F)F)C1,1.7619999999999998,1.826075,0.0640750000000001,0.0640750000000001,0.004105605625000014,3.5715529915065938,53041,237.21429996658117,ok,
69176,COc1ccc2c(c1)[C@@H](C)CC(C)(C)N2S(=O)(=O)Cc1ccccc1,4.3174,3.890333,-0.4270670000000001,0.4270670000000001,0.18238622248900008,10.406454498458954,53043,237.3174999956973,ok,
69783,CCCN(C[C@H]1COc2ccccc2O1)C(=O)c1nc(C)c(C)[nH]c1=O,2.07894,1.865772,-0.2131679999999998,0.2131679999999998,0.045440596223999916,10.807785207132982,53038,237.44180001085624,ok,
69935,Cc1cc(C)c(C(=O)NCc2cccc3ccccc23)c(=O)[nH]1,3.07494,2.897901,-0.17703899999999972,0.17703899999999972,0.0313428075209999,5.928133697180278,53043,237.51320003066212,ok,
69938,CCCCNC(=O)C1CCN(S(=O)(=O)c2ccccc2Cl)CC1,2.657,2.381836,-0.2751640000000002,0.2751640000000002,0.0757152268960001,10.92172874846493,53041,237.63800004962832,ok,
70302,Cc1sc(Br)cc1S(=O)(=O)N1CCC[C@@H](CC[NH3+])C1,1.85172,1.31001,-0.5417100000000001,0.5417100000000001,0.29344972410000014,34.26668311335884,53041,237.70719999447465,ok,
70373,Cc1ccc(-c2cn3c4c(=O)n(C)c(=O)n(C)c4nc3n2Cc2ccccc2)cc1,2.71012,2.858204,0.14808400000000033,0.14808400000000033,0.021928871056000096,5.318799696282053,53038,237.4652000144124,ok,
70464,O=C(Nc1ccc(F)cc1Br)NC(C1CC1)C1CC1,3.8983,3.771241,-0.12705900000000003,0.12705900000000003,0.016143989481000008,3.3133403941643977,53042,237.56049998337403,ok,
70473,Cc1occc1-c1nnc(SCCCC#N)o1,3.0339,3.294874,0.26097400000000004,0.26097400000000004,0.06810742867600002,8.247221341763824,53043,237.7771000028588,ok,
70549,O=C(N[C@@]1(C(F)(F)F)C(=O)Nc2c1c(=O)[nH]c(=O)n2-c1ccccc1)c1ccc(F)cc1,1.8046,1.984864,0.18026399999999998,0.18026399999999998,0.032495109695999995,9.513957646780653,53042,237.65419999836013,ok,
70889,CC(C)[C@@H](NC(=O)N(C)Cc1ccccc1F)c1ccccn1,3.7594,3.453663,-0.3057369999999997,0.3057369999999997,0.09347511316899981,8.477314006546171,53042,237.37490002531558,ok,
71128,CCC(=O)Nc1cccc(NCc2cnc(-c3cccs3)s2)c1,4.8322,3.890333,-0.9418670000000002,0.9418670000000002,0.8871134456890004,21.596180834168248,53039,237.48140002135187,ok,
71648,Cc1cc(S(=O)(=O)N[C@H](C)[C@@H](C)N2CCOCC2)sc1C,1.7524400000000002,1.627588,-0.12485200000000019,0.12485200000000019,0.015588021904000045,7.3876311083813615,53039,237.60519997449592,ok,
72095,Cn1ccnc1[C@@H](NC(=O)c1cc(F)ccc1Br)c1ccc(Cl)cc1,4.4945,4.723976,0.229476,0.229476,0.052659234576000004,4.978610347306865,53039,237.57289996137843,ok,
72163,CC(C)[C@H](C)S(=O)(=O)[C@H](C)C(=O)NC[C@@H]1CCCO1,1.1294,1.230615,0.10121500000000005,0.10121500000000005,0.01024447622500001,8.57748785495008,53042,241.0661000176333,ok,
72306,C[C@H]1CCC[C@@H]([C@H](O)Cc2nccs2)C1,2.8728,2.977296,0.10449600000000014,0.10449600000000014,0.01091941401600003,3.5724541956234614,53038,236.43500002799556,ok,
72324,COc1ccccc1C1=N/C(=C\c2ccc(F)cc2)C(=O)O1,3.1788,3.05669,-0.12210999999999972,0.12210999999999972,0.01491085209999993,3.91661280829573,53041,236.77560000214726,ok,
72384,C[C@H]1CCC[C@@H](NC(=O)c2cccc(S(=O)(=O)N3CCN(C)CC3)c2)[C@@H]1C,2.1772,1.865772,-0.31142800000000004,0.31142800000000004,0.09698739918400003,15.405894475648115,53038,237.06590000074357,ok,
72611,Cc1ccc2c(CCNC(=O)[C@H](C)N3C(=O)CCC3=O)c[nH]c2c1,1.67252,1.706983,0.03446299999999991,0.03446299999999991,0.0011876983689999938,2.0395306647160787,53038,237.2169000445865,ok,
72637,C[C@H]([NH2+]C1CC1)[C@H](C)C(=O)[O-],-1.5133,-1.389405,0.12389500000000009,0.12389500000000009,0.015349971025000022,8.536520245770761,53036,237.69219999667257,ok,
72697,COc1ccc(NC(=O)NCc2cc(Br)c3c(c2)OCO3)c(C)c1,3.81652,3.969728,0.1532079999999998,0.1532079999999998,0.023472691263999937,3.935348578673574,53039,237.49720002524555,ok,
72766,C[C@@H](C(=O)Nc1cc([N+](=O)[O-])ccc1F)N1C(=O)c2ccccc2C1=O,2.3571,2.024561,-0.33253900000000014,0.33253900000000014,0.11058218652100009,15.178673110493952,53042,237.58100002305582,ok,
73063,Cc1c2c(nc3cc4c(cc13)OCO4)CC[C@@](C#N)(c1ccccc1)C2,4.2222,4.247608,0.025407999999999653,0.025407999999999653,0.0006455664639999824,0.5999663746805041,53042,237.38880001474172,ok,
73074,N#Cc1nccn1C[C@H](O)COc1ccccc1N,0.77688,0.87334,0.09645999999999999,0.09645999999999999,0.009304531599999999,11.690562470458483,53042,237.60089999996126,ok,
73214,COC(=O)[C@H]1CCCC[C@H]1NC(=O)[C@H](C)c1ccc(Cl)s1,3.353,3.49336,0.14035999999999982,0.14035999999999982,0.019700929599999948,4.100281025245526,53042,237.6215999829583,ok,
73387,COC(=O)C(C)(C)[C@@H]1CCCN(Cn2ncc3cc([N+](=O)[O-])ccc32)C1,2.8132,2.977296,0.1640959999999998,0.1640959999999998,0.026927497215999935,5.6677700839444425,53041,237.6384999952279,ok,
73502,C/[NH+]=C(/NCc1cccc(C(N)=O)c1)N[C@@H]1C[C@@H]1C,-1.0605,-1.31001,-0.2495099999999999,0.2495099999999999,0.06225524009999995,21.051166204740746,53041,237.84580000210553,ok,
73517,O=C([O-])c1cccc2c1cc(Br)c1ccccc12,3.119,2.699415,-0.4195850000000001,0.4195850000000001,0.1760515722250001,14.422656341976298,53043,237.77960002189502,ok,
73543,C=C(C(=O)Cl)C(F)(F)F,1.8703,2.500928,0.630628,0.630628,0.39769167438399994,28.853585308293226,53041,237.9666999913752,ok,
73657,Cc1nnsc1C(=O)Nc1ccc(Br)c(N)c1,2.44352,2.699415,0.2558950000000002,0.2558950000000002,0.0654822510250001,9.951321570270682,53038,237.81809996580705,ok,
73697,CC(C)C[C@@H]1CCCN1C(=O)c1c[nH]c2cccc(F)c12,3.9577,3.969728,0.012027999999999928,0.012027999999999928,0.00014467278399999826,0.3034527718195593,53041,237.83779999939725,ok,
73785,C=CCn1c(SCC)nc2c1c(=O)n(C)c(=O)n2C,0.7317,0.674854,-0.05684600000000006,0.05684600000000006,0.003231467716000007,8.083017075775274,53037,237.89160000160336,ok,
73933,CS(=O)(=O)N1CCC2(CC1)SCC(=O)N2c1ccccc1,1.5181,1.786377,0.2682770000000001,0.2682770000000001,0.07197254872900005,16.237183675359223,53039,237.84680000972003,ok,
74044,CCn1nc(C(=O)N2CCN(c3ccccc3)CC2)c2c1CCN(C(=O)c1ccc(F)c(F)c1)C2,3.3421,3.05669,-0.2854099999999997,0.2854099999999997,0.08145886809999985,8.920749079122762,53037,237.55329998675734,ok,
74333,Cc1onc(-c2ccccc2)c1C(=O)OCC(=O)c1ccc2c(c1)NC(=O)CO2,3.02062,3.05669,0.036070000000000046,0.036070000000000046,0.0013010449000000035,1.1870383442674486,53037,237.43160004960373,ok,
74366,CCNC(=O)c1ccc(OCC[C@H]2CCC[NH2+]C2)nn1,-0.0314,0.039697,0.071097,0.071097,0.005054783408999999,200.0,53040,237.64299997128546,ok,
74385,CC1=Nc2ccccc2Oc2c1c(=O)n(-c1ccccc1)c1ccccc21,5.2371,5.160645,-0.07645500000000016,0.07645500000000016,0.005845367025000024,1.4706073288006227,53044,237.5082999933511,ok,
74405,C[C@H]1CN(C(=O)c2cn(C)nc2-c2cccs2)[C@H](C)CO1,2.398,2.421534,0.023533999999999722,0.023533999999999722,0.0005538491559999869,0.9766089418603426,53040,237.62430000351742,ok,
74511,CCC1(CNC(=O)C(=O)Nc2ccc(-c3nc(C)cs3)cc2)CCC1,3.75352,3.93003,0.17650999999999994,0.17650999999999994,0.03115578009999998,4.594490827807458,53042,237.51960002118722,ok,
74528,COC(C)(C)c1noc(-c2ccc(S(=O)(=O)N(C)C(C)C)cc2)n1,2.647,2.461231,-0.18576899999999963,0.18576899999999963,0.03451012136099986,7.273320255094166,53043,237.77770000742748,ok,
74647,CC(C)(C)N1C[C@H](NC(=O)NCc2ccc(-n3ccnc3)c(F)c2)CC1=O,2.21,2.223047,0.013047000000000253,0.013047000000000253,0.0001702242090000066,0.5886244833407024,53039,237.47440002625808,ok,
74758,CCOCc1ccc(NC(=O)c2cccc(CN3CCCC3=O)c2)cc1,3.5978,3.652149,0.0543490000000002,0.0543490000000002,0.002953813801000022,1.499293305373602,53042,236.64330004248768,ok,
75724,O=C(c1c(F)cc(Br)cc1F)N1CCC[C@@H]1CCCO,3.1044,2.897901,-0.206499,0.206499,0.042641837000999994,6.880661266404333,53038,236.3733000238426,ok,
75868,CNC(=O)c1cccnc1NC[C@@H](C)Cc1cccs1,2.7934,2.897901,0.10450099999999996,0.10450099999999996,0.01092045900099999,3.6723062090724055,53042,236.78839998319745,ok,
75909,Cc1ccc(-n2ncc3c([O-])nc(-n4nc(C)cc4NC(=O)C4CC4)nc32)cc1,2.04014,2.103956,0.0638160000000001,0.0638160000000001,0.004072481856000012,3.0798514320131622,53039,236.62520002108067,ok,
76007,CC(C)(O)CNC(=O)Cc1ccc(NC(=O)C2CC2)cc1,1.4647,1.826075,0.361375,0.361375,0.130591890625,21.96291147222159,53038,236.94700002670288,ok,
76033,O=C(Cc1csc(-c2cccs2)n1)OC[C@H]1CC1(Cl)Cl,4.1511,4.168214,0.017114000000000296,0.017114000000000296,0.0002928889960000101,0.4114281538117277,53042,236.41099996166304,ok,
76583,Cc1ccc(CN2C(=O)[C@H]3CCCC[C@@H]3C2=O)cc1S(=O)(=O)Nc1cccc(Cl)c1C,4.4328400000000014,4.763673,0.3308329999999984,0.3308329999999984,0.10945047388899892,7.194748705297287,53036,236.48550000507385,ok,
76993,Cc1ccc(N2CCC[C@@H](NC(=O)N[C@@H](C)CS(C)(=O)=O)C2)cc1,1.69612,1.74668,0.05055999999999994,0.05055999999999994,0.002556313599999994,2.937144184965722,53038,236.4405000116676,ok,
77136,CCN(C1CC[NH+]([C@@H](C)C(=O)Nc2cccc(C)c2)CC1)S(C)(=O)=O,0.65082,0.476367,-0.17445299999999997,0.17445299999999997,0.03043384920899999,30.95369268808103,53041,236.8060000007972,ok,
77611,Cc1cc2n(n1)CCC(=O)N2CC(=O)NCCCN1CCCC1=O,0.05692,0.039697,-0.017222999999999995,0.017222999999999995,0.00029663172899999985,35.6521109121583,53039,236.8506999919191,ok,
77664,ClCC1(C[C@@H]2CSc3ccccc32)CCOCC1,4.3016,4.207911,-0.09368899999999947,0.09368899999999947,0.0087776287209999,2.20198316918562,53039,237.36219998681918,ok,
77690,CCOc1ccc(NC(=S)NNC(=O)c2cc(F)ccc2C)cc1,3.1642200000000003,3.136085,-0.028135000000000243,0.028135000000000243,0.0007915782250000137,0.8931313642752293,53039,237.31719999341294,ok,
77926,CC(C)(C)OC(=O)NC[C@H]1CCCC[NH+]1Cc1cnn(-c2ccccc2)c1,2.3344,2.262745,-0.07165500000000025,0.07165500000000025,0.005134439025000035,3.1173695848184146,53038,237.38679999951273,ok,
78178,Cc1cnc2c(S(=O)(=O)NCc3ccc(NC(=O)c4ccco4)cc3)cccc2c1,3.86702,3.93003,0.06300999999999979,0.06300999999999979,0.003970260099999973,1.6162523005495613,53041,237.34270001295954,ok,
78214,CCOC(=O)[C@@](O)(NC(=O)c1cccnc1)C(F)(F)F,0.6254,0.992432,0.367032,0.367032,0.13471248902400002,45.37331441089063,53042,237.42189997574314,ok,
78287,Cc1ncn(C[C@H](C)[NH2+]C[C@H]2CCN(c3ccc(F)cc3)C2)c1C,2.11744,2.024561,-0.09287900000000038,0.09287900000000038,0.00862650864100007,4.484740587942898,53039,237.4664000235498,ok,
78364,COc1ccc(C(=O)NNC(=O)c2ccc(NC(=O)CC(C)C)cc2)cc1Br,3.5171,3.93003,0.4129299999999998,0.4129299999999998,0.17051118489999983,11.089641244345131,53042,237.53130005206913,ok,
78382,CS(=O)(=O)[C@H]1CCC[C@H](n2nnc(N)c2C2CC2)C1,1.266,1.786377,0.5203770000000001,0.5203770000000001,0.2707922221290001,34.09650904852187,53043,237.58259997703135,ok,
78538,O=c1c2ccccc2ncn1CN1CCN(c2ccccc2Cl)CC1,2.8296,2.937598,0.10799799999999982,0.10799799999999982,0.011663568003999961,3.7452502931232745,53039,237.52630001399666,ok,
78681,CC/[NH+]=C(/NCc1ncnn1C)N1CCN(c2cccc(C)c2C)CC1,-0.19976,-0.277881,-0.078121,0.078121,0.006102890640999999,32.7111784792344,53039,237.40559996804222,ok,
78682,C=CCn1c(SCCCCCCCC)nc2c1c(=O)[nH]c(=O)n2C,3.0619,2.937598,-0.12430200000000013,0.12430200000000013,0.015450987204000033,4.143746693473358,53038,237.38129995763302,ok,
78809,Fc1cccnc1N1CCN(Cc2nnc(-c3ccccc3)o2)CC1,2.5929,2.421534,-0.17136600000000035,0.17136600000000035,0.02936630595600012,6.834908984742859,53039,237.4761999817565,ok,
78835,C[C@@H]1NN=C(SCC(=O)C2=c3ccccc3=[NH+]C2)N(N)C1=O,-3.1816,-3.453663,-0.27206300000000017,0.27206300000000017,0.0740182759690001,8.200518954561414,53043,237.61609999928623,ok,
78963,Cc1cc2nc(C)c(CCC(=O)N[C@H]3c4ccccc4C[C@@H]3O)c(C)n2n1,2.36166,2.342139,-0.01952100000000012,0.01952100000000012,0.00038106944100000474,0.8300099557825545,53042,237.43819998344406,ok,
79086,Cc1cc(NC(=O)CCN2C(=O)[C@H](C)Oc3ccccc32)c2ncccc2c1,3.68592,3.413966,-0.27195400000000003,0.27195400000000003,0.07395897811600001,7.660799060717314,53041,237.1162999770604,ok,
79114,CN(C)c1ncnc(NNC(=O)COc2ccc(Cl)cc2Cl)c1N,1.9537,1.905469,-0.04823099999999991,0.04823099999999991,0.0023262293609999916,2.4995536603864674,53038,237.3651000089012,ok,
79236,COc1cc(Br)c(C(=O)c2ccc(N)c(C)c2)c(OC)c1,3.58792,3.453663,-0.13425699999999985,0.13425699999999985,0.01802494204899996,3.813261875916249,53041,237.47430002549663,ok,
79352,Cc1ccc(C(=O)CCC(=O)N2CCN(Cc3ccc(Br)cn3)CC2)cc1,3.45982,3.215479,-0.24434099999999992,0.24434099999999992,0.05970252428099996,7.320750725922537,53041,237.46639996534213,ok,
79519,CN(C)C(=O)COc1ccc(NC(=O)[C@]2(C)CC2(Cl)Cl)cc1,2.676,2.699415,0.023414999999999964,0.023414999999999964,0.0005482622249999983,0.8711885500933403,53039,237.665000022389,ok,
80819,CCN(C(=O)CN1C(=O)S/C(=C/c2ccccc2)C1=O)[C@@H]1CCS(=O)(=O)C1,1.7585,1.826075,0.06757499999999994,0.06757499999999994,0.004566380624999992,3.7703214467544934,53041,237.40640003234148,ok,
81436,CCc1ccc(NC(=O)Cc2csc(COc3cccc(C)c3)n2)cc1,4.77412,4.684278,-0.08984199999999998,0.08984199999999998,0.008071584963999996,1.8997297428169122,53039,237.50400001881644,ok,
81451,C[C@H]1N=N[C@@H]2C(=O)N(CC3CCCCC3)C(=O)[C@H]21,1.7746,1.587891,-0.186709,0.186709,0.034860250681,11.105397754224475,53043,237.57259995909408,ok,
82019,CC1CCC([C@H](O)C2CC2)([NH+](C)C)CC1,0.8507,0.754248,-0.09645199999999998,0.09645199999999998,0.009302988303999997,12.019330221290657,53037,237.79049998847768,ok,
82022,Cc1ccc(/C=C2\SC(=S)N(c3ccccc3)C2=O)cc1[N+](=O)[O-],4.309019999999999,4.446095,0.13707500000000028,0.13707500000000028,0.018789555625000075,3.1313123813907704,53042,237.23649996099994,ok,
82381,C[C@@H]1CN(C(=O)c2ccc(=O)n(Cc3ccccc3)n2)c2ccccc21,3.0555,3.334571,0.27907100000000007,0.27907100000000007,0.07788062304100003,8.734519538202317,53038,237.06429998856038,ok,
82452,CCOC(=O)c1nn(CC)c2c1C[NH2+]CC2,-0.3008,-0.238184,0.062616,0.062616,0.003920763456000001,23.234827007851813,53039,237.3956000083126,ok,
82705,CCN(CC)S(=O)(=O)c1ccc(C(=O)N[C@H]2CCSc3ccc(F)cc32)cc1,3.8231,4.287306,0.4642059999999999,0.4642059999999999,0.21548721043599992,11.447170462243195,53038,237.37699998309836,ok,
82711,CCOC(=O)CCCNC(=O)C1CCCCCC1,2.4163,1.627588,-0.7887120000000001,0.7887120000000001,0.6220666189440002,39.007608519325956,53043,237.5787000055425,ok,
82763,CC(=O)Nc1cccc(C(=O)OCC(=O)N[C@@H](C)c2ccccc2C)c1,2.98762,3.096387,0.10876699999999984,0.10876699999999984,0.011830260288999965,3.575505419372458,53039,237.37759998766705,ok,
82769,S=C(c1ccc(Br)cc1)N1CCCCC1,3.6105,3.453663,-0.1568369999999999,0.1568369999999999,0.024597844568999966,4.44035620355872,53036,237.55760001949966,ok,
83161,C[C@@]1(c2ccccc2F)NC(=O)N(Cc2cccc(C#N)c2)C1=O,2.66458,2.540626,-0.1239539999999999,0.1239539999999999,0.015364594115999974,4.762693349696434,53039,237.4474999960512,ok,
83186,CC1=NC2=C(C(=O)CCC2)[C@H](c2cccnc2)C1C(=O)OCCc1ccccc1,4.0489,4.327003,0.27810300000000066,0.27810300000000066,0.07734127860900036,6.640549681628372,53039,237.5152999884449,ok,
83439,CCOC(=O)c1c(C)[nH]c(C(=O)N2CCN(Cc3ccccn3)CC2)c1C,2.1612400000000003,2.064258,-0.09698200000000012,0.09698200000000012,0.009405508324000025,4.590322844786585,53039,237.47520003234968,ok,
83680,Cc1ccccc1OCC#CCNC(=O)Nc1ccc2c(c1)OCO2,2.92762,3.175782,0.24816199999999977,0.24816199999999977,0.061584378243999885,8.131923802495715,53041,237.54280002322048,ok,
83903,COC(=O)CCN(Cc1ccncc1)C(=O)c1ccoc1C,2.18852,2.024561,-0.1639590000000002,0.1639590000000002,0.026882553681000062,7.783330061776652,53039,237.58539999835193,ok,
84145,C[NH+]1CCCC[C@@H]1CN1CCN(Cc2c(F)cccc2N2CCCC2)CC1,1.6107,1.627588,0.016888000000000014,0.016888000000000014,0.0002852045440000005,1.0430202625584886,53043,237.44140000781044,ok,
84785,COc1ccnc(N2CCN(CC(=O)N3C[C@@H](C)C[C@@H](C)C3)CC2)n1,1.1117,0.793945,-0.3177549999999999,0.3177549999999999,0.10096824002499993,33.348813656268604,53039,237.58010001620278,ok,
84824,O=C(Nc1ccc2ccccc2n1)c1cccnc1Sc1ccccc1,5.0333,5.081251,0.0479510000000003,0.0479510000000003,0.0022992984010000287,0.9481587467402222,53038,237.35860001761466,ok,
85103,CN(CC(N)=O)S(=O)(=O)c1ccc(C(=O)[O-])cc1Br,-1.0816,-0.833643,0.24795699999999987,0.24795699999999987,0.061482673848999934,25.89300678817256,53038,237.53129999386147,ok,
85417,CC[C@H](C)[NH+](C)CCNC(=O)c1cnc2ccc(C)cn12,0.68572,0.396973,-0.288747,0.288747,0.08337483000899999,53.338665715950874,53042,237.36569995526224,ok,
85467,COC(=O)[C@H](C)NC(=O)c1cccc2c(=O)c(C)c(-c3ccccc3)oc12,3.05972,3.175782,0.11606199999999989,0.11606199999999989,0.013470387843999974,3.7226192855041944,53042,237.30670002987608,ok,
85469,CSc1sc(NC(=O)C2C[C@@H](C)O[C@H](C)C2)nc1C,3.31552,3.175782,-0.13973799999999992,0.13973799999999992,0.01952670864399998,4.305392046156531,53039,237.14530002325773,ok,
85714,CCC(CC)N(C)C(=O)Nc1cc(C)cc(C)c1,3.95574,4.08882,0.1330800000000001,0.1330800000000001,0.017710286400000025,3.308571258092427,53037,237.53789998590946,ok,
85735,C[C@H](SCCO)c1ccccc1,2.4731,2.937598,0.46449799999999986,0.46449799999999986,0.21575839200399988,17.169614715143954,53037,237.5218999804929,ok,
85835,C[C@H]1C[NH2+]CC[C@H]1NC(=O)[C@@H]1CCCO1,-0.7466,-0.913037,-0.16643699999999995,0.16643699999999995,0.027701274968999982,20.057036568840047,53038,237.54350002855062,ok,
85887,CC[C@@H]([NH3+])[C@H](c1ccccc1F)N(C)CC(C)(C)O,1.59,1.349707,-0.2402930000000001,0.2402930000000001,0.057740725849000044,16.34809183364193,53041,237.46269999537617,ok,
86161,CC[C@@H](NC(=O)C(=O)Nc1cccc(N(C)CC)c1)c1ccc(C)cc1,3.65712,3.890333,0.23321300000000011,0.23321300000000011,0.05438830336900005,6.179912614228936,53041,237.18619998544455,ok,
86165,C[C@H](c1ccc(F)c(F)c1)[NH+](C)CC(=O)Nc1ccccc1Cl,2.8326,2.937598,0.10499800000000015,0.10499800000000015,0.01102458000400003,3.639320522450015,53039,237.51710000215098,ok,
86416,COC(=O)c1cc(S(=O)(=O)N(C)Cc2ccc(C#N)cc2)ccc1C,2.474,2.500928,0.02692799999999984,0.02692799999999984,0.0007251171839999914,1.082548330347689,53041,237.46309999842197,ok,
86584,COc1cccc(CC(=O)N2CCN(C3=Nc4ccccc4Oc4c(OC)cccc43)CC2)c1,4.2747,4.168214,-0.1064860000000003,0.1064860000000003,0.011339268196000065,2.5224940109540452,53037,236.59980000229552,ok,
86729,CC(C)[C@H]1CC[C@@H](C)C[C@H]1[NH2+]CCCC(=O)NC1CC1,2.0694,2.262745,0.19334499999999988,0.19334499999999988,0.03738228902499995,8.92606318578902,53042,237.05479997443035,ok,
87117,CN(Cc1nc(C(F)(F)F)cs1)C(=O)c1cccc2c1OCO2,3.1628,3.294874,0.13207400000000025,0.13207400000000025,0.017443541476000066,4.0904511438638815,53039,236.7410000297241,ok,
87334,CC[C@@H](C)c1ccccc1OCC(=O)N/N=C(/C)c1ccc(N)cc1,3.7015,3.652149,-0.0493509999999997,0.0493509999999997,0.0024355212009999705,1.34221799272714,53037,236.99609999312088,ok,
87985,CCn1cc(CN(C)S(=O)(=O)c2ccc3ccccc3c2)cn1,2.8769,2.699415,-0.1774849999999999,0.1774849999999999,0.03150092522499996,6.365673388250122,53041,237.41279996465892,ok,
88245,COc1ccc(CNC(=O)[C@H](C)N2C(=O)c3ccccc3C2=O)cc1,1.9961,2.18335,0.18724999999999992,0.18724999999999992,0.03506256249999997,8.960509157903548,53039,237.44290001923218,ok,
89590,CCc1ccc([C@H](C)[NH2+]C[C@H]2CN(C3CC3)CCO2)s1,1.7981,1.984864,0.18676399999999993,0.18676399999999993,0.034880791695999974,9.873950690516745,53039,237.59749997407198,ok,
90183,C[C@@H](NC(=O)/C=C/c1cccc(C(F)(F)F)c1)c1ccccc1,4.596,4.644581,0.04858099999999954,0.04858099999999954,0.0023601135609999553,1.0514706813348542,53042,237.12700000032783,ok,
90533,Cc1cc(C)c(NC(=O)CNc2ccc(F)c(-n3nnnc3C)c2)c(C)c1,3.08568,3.136085,0.05040500000000003,0.05040500000000003,0.002540664025000003,1.6202797759156777,53039,237.18869994627312,ok,
90835,Cc1nn(Cc2ccccc2)c(C)c1CNC(=O)Nc1ccc(F)cc1C#N,3.88072,3.771241,-0.10947900000000033,0.10947900000000033,0.011985651441000071,2.8614625714898527,53042,237.28429997572675,ok,
91574,Cc1cccc2nc(C(=O)N3CCC(C(=O)Nc4ccc(S(N)(=O)=O)cc4)CC3)cn12,1.78102,1.786377,0.005357000000000056,0.005357000000000056,2.86974490000006e-05,0.3003310256750261,53038,237.27929999586195,ok,
91640,CC(C)CC(=O)C1=C([O-])C(=O)N(CCc2ccccc2)[C@@H]1c1ccc(O)cc1,2.7478,2.778809,0.031009000000000064,0.031009000000000064,0.000961558081000004,1.1221709370067636,53041,237.47029999503866,ok,
91817,Cc1ccc([C@@H](C)N[C@H]2CC(=O)N(C3CC3)C2=O)cc1F,2.07462,2.024561,-0.050059000000000076,0.050059000000000076,0.0025059034810000075,2.4423903213837144,53042,237.53250000299886,ok,
92276,Cc1cc([N+](=O)[O-])ccc1NC(=O)[C@H]1CCCN(c2ccc(-c3ccccc3)nn2)C1,4.215319999999998,4.406397,0.19107700000000172,0.19107700000000172,0.036510419929000656,4.432458175094398,53041,237.43779998039827,ok,
92372,C[C@@H](N1C[C@@H](C(=O)Cl)CC1=O)C12CC3CC(CC(C3)C1)C2,3.2052,3.136085,-0.06911500000000004,0.06911500000000004,0.004776883225000006,2.1798420982498037,53043,237.44220001390204,ok,
92493,Cc1cc(F)ccc1NC(=O)CNC(=O)[C@H]([NH3+])CC(C)C,0.8454200000000001,1.74668,0.90126,0.90126,0.8122695875999999,69.53898383550016,53042,237.58080002153292,ok,
92672,Cc1nnnn1-c1cc(N)ccc1C(=O)O[C@@H](C)C(=O)NCC(C)C,0.8704200000000001,1.032129,0.161709,0.161709,0.026149800680999997,16.999194238886883,53041,237.694300012663,ok,
92827,CCc1ccc(C2=CCN(C(=O)/C=C/c3nnc(C(C)C)o3)CC2)cc1,4.0845,4.406397,0.3218969999999999,0.3218969999999999,0.10361767860899992,7.5821671137925675,53039,237.48820001492277,ok,
93025,CCN1C[C@H](C(=O)N2[C@@H](C)COC[C@@H]2C)CC1=O,0.4906,0.516065,0.025465000000000015,0.025465000000000015,0.0006484662250000008,5.059279899470036,53043,237.75540001224726,ok,
93216,O=C(CC1CC[NH+](Cc2cc(=O)c([O-])co2)CC1)N1CCCC1,-0.4792,-0.317578,0.161622,0.161622,0.026121670883999998,40.56889120934564,53041,237.81530000269413,ok,
93330,O=C([O-])/C=C\C(=O)Nc1cc(C(F)(F)F)ccc1Cl,1.6034,2.18335,0.57995,0.57995,0.33634200249999996,30.630487885389847,53039,237.66029998660088,ok,
93521,CC[C@@H]1C(/C([O-])=N/c2nc(-c3ccc(OC)cc3)n[nH]2)=CNN1c1ccccc1,2.5579,2.778809,0.2209089999999998,0.2209089999999998,0.04880078628099991,8.278847506956058,53042,237.4586000223644,ok,
93578,Cc1cc(N2CCC[C@H](C(=O)c3ccc(F)cc3)C2)ncc1[N+](=O)[O-],3.53662,3.175782,-0.3608380000000002,0.3608380000000002,0.13020406224400016,10.751382292061777,53042,237.48360003810376,ok,
93658,CN(C)c1ccc(NC(=O)NCc2cc(=O)[nH]c3ccccc23)cc1,2.9158,3.175782,0.25998199999999994,0.25998199999999994,0.06759064032399997,8.53577937553824,53039,237.66720003914088,ok,
93733,O=C(C[NH+]1CCC[C@@H]1c1cccs1)N1CCN(c2cccc(Cl)c2)CC1,2.4701,2.421534,-0.04856600000000011,0.04856600000000011,0.0023586563560000105,1.985675952043841,53041,237.42050002329051,ok,
93819,COc1ccccc1Cn1ncc2[nH]c([C@@H]3CC=CCC3)nc21,3.64,3.572755,-0.06724500000000022,0.06724500000000022,0.00452189002500003,1.8646134521413864,53040,237.4460999853909,ok,
93948,CSC(C)(C)CNC(=O)C1CCN(C(=O)N2CCCC2)CC1,2.172,2.064258,-0.107742,0.107742,0.011608338564,5.086659027849579,53043,237.57519997889176,ok,
94061,O=C(O[C@@H]1CCC[C@H](C(F)(F)F)C1)c1cccc(Oc2cnccn2)c1,4.5468,4.207911,-0.338889,0.338889,0.114845754321,7.741866065024876,53042,237.5204000272788,ok,
94318,CCCc1cc([C@H]2CCCCC[NH+]2Cc2cc(OC)c(O)c(OC)c2)no1,3.0501,2.897901,-0.15219899999999997,0.15219899999999997,0.023164535600999993,5.117652132203743,53042,237.54460003692657,ok,
94603,Cc1cc(C(=O)OCC(=O)NCc2ccc(F)cc2)c(C)n1-c1ccccc1,3.70644,3.731544,0.025103999999999793,0.025103999999999793,0.0006302108159999897,0.6750216187612071,53041,237.4953999533318,ok,
95043,CNC(=O)c1cccc(NC(=O)c2n[nH]c(C3CC3)n2)c1,1.294,1.587891,0.2938909999999999,0.2938909999999999,0.08637191988099994,20.39570545867279,53039,237.6520999823697,ok,
95286,CCCc1cc(N2CC[NH2+]CC2)c2c(Cl)ccc(Cl)c2n1,2.8775,1.429102,-1.4483979999999999,1.4483979999999999,2.0978567664039995,67.2640750178447,53038,237.71700001088902,ok,
95526,O=c1c2ccccc2nnn1CN1CCc2c(F)ccc(F)c2C1,2.0855,2.103956,0.018456000000000028,0.018456000000000028,0.00034062393600000105,0.8810690457185864,53038,237.5768999918364,ok,
95567,CCCOC[C@H]([NH3+])c1ncc[nH]1,0.1193,0.0,-0.1193,0.1193,0.01423249,200.0,53039,237.18930000904948,ok,
96128,Cc1cc(NC(=O)C(=O)NCc2cccnc2Oc2cccc(F)c2)no1,2.56432,2.659717,0.09539700000000018,0.09539700000000018,0.009100587609000033,3.652232937860133,53041,237.60210000909865,ok,
96288,COc1ccc(-c2nc3n(n2)[C@H](CC(=O)Nc2cccc4ccccc24)C(=O)N3)cc1,3.6289,3.612452,-0.016447999999999574,0.016447999999999574,0.000270536703999986,0.4542798085219328,53038,237.43380000814795,ok,
96599,Cc1c(NCc2cnn(C)c2)cccc1C(N)=O,1.43952,1.389405,-0.05011499999999991,0.05011499999999991,0.002511513224999991,3.5430419682388123,53038,237.42359998868778,ok,
97480,CC[NH2+][C@H]1CC[C@H](N(C)C2CCOCC2)C1,0.6016,0.714551,0.11295100000000002,0.11295100000000002,0.012757928401000006,17.163836064402947,53043,237.48559999512509,ok,
97626,Brc1csc(-c2ccoc2)n1,3.1656,3.215479,0.04987900000000023,0.04987900000000023,0.002487914641000023,1.5633406199797943,53043,237.6005999976769,ok,
97641,Cc1cc(NC(=O)c2ccc3c(c2)C(=O)N(c2ccccc2-c2ccccc2)C3=O)no1,4.70292,4.485792,-0.21712799999999977,0.21712799999999977,0.0471445683839999,4.725972475794209,53041,237.05249995691702,ok,
97945,O=C([C@H]1CN(Cc2cc(=O)n3ccsc3n2)c2ccccc2O1)N1CCOCC1,1.3824,1.587891,0.20549099999999987,0.20549099999999987,0.042226551080999944,13.83642208793683,53039,236.68699996778741,ok,
97990,Cc1cc(-n2c(C)cc(C(=O)C[NH+]3CCC[C@@H]3C(N)=O)c2C)no1,0.10586,0.198486,0.092626,0.092626,0.008579575876,60.868879498991284,53038,237.10700002266094,ok,
98019,O=C(Cc1ccccc1Cl)N1CC[C@@H](c2ccccc2)C1,3.8986,3.969728,0.07112799999999986,0.07112799999999986,0.00505919238399998,1.8079571670118444,53042,237.11970000294968,ok,
98287,CC[C@H]1CCc2sc(-c3nnc(S[C@H](C)C(=O)N[C@@H]4CCS(=O)(=O)C4)n3C)cc2C1,2.8424,2.897901,0.05550100000000002,0.05550100000000002,0.0030803610010000024,1.9337313496278337,53038,237.11360001470894,ok,
98495,Cc1c(C(=O)N(C)C[C@H](O)C2CC2)oc2ccccc12,2.58412,2.500928,-0.08319199999999993,0.08319199999999993,0.006920908863999989,3.27202417754955,53042,237.2614999767393,ok,
98616,Fc1ccc(CNc2nc3ccc(Br)cn3n2)c(F)c1,3.3821,3.294874,-0.0872259999999998,0.0872259999999998,0.0076083750759999656,2.612740442002614,53042,237.47469997033477,ok,
98825,CCN(Cc1ccccc1)C(=O)CNC(=O)c1ccc(OC)nn1,1.2637,1.270313,0.00661299999999998,0.00661299999999998,4.373176899999974e-05,0.5219389166511759,53042,237.4610000406392,ok,
99022,CNC(=O)Cc1ccc(NC(=O)[C@H]2CCCN(C(=O)NCC(C)C)C2)cc1,1.9912,1.826075,-0.1651250000000002,0.1651250000000002,0.027266265625000063,8.65145948353211,53041,237.4518999713473,ok,
99274,C[C@H](C(N)=O)N1CC[NH+]([C@H](C)C(=O)NC2CC2)CC1,-2.2722,-2.461231,-0.18903099999999995,0.18903099999999995,0.03573271896099998,7.987060548680225,53043,237.70260001765564,ok,
99331,Cc1ccc(-c2n[nH]c(=S)n2CCC(=O)N[C@@H]2CCC[C@H](C(F)(F)F)C2)cc1,4.54351,4.247608,-0.2959020000000008,0.2959020000000008,0.08755799360400046,6.731840023077855,53041,237.35809995559976,ok,
99353,CNc1nc(CNC(=O)Nc2cc(C#N)ccc2Cl)cs1,3.03158,3.096387,0.06480700000000006,0.06480700000000006,0.004199947249000008,2.1151223562398447,53042,237.53490002127364,ok,
99446,C[NH+](C)[C@H]1CC[C@@H](NC(=O)c2cc(C(F)(F)F)ccc2F)C1,1.6399,1.548194,-0.09170599999999984,0.09170599999999984,0.008409990435999971,5.753029866747959,53039,237.58370004361495,ok,
99489,Cc1ccc(N2C[C@H](C(=O)N3CCN(c4nccn4-c4cccc(Cl)c4)CC3)CC2=O)cc1C,3.84424,3.612452,-0.23178799999999988,0.23178799999999988,0.05372567694399995,6.216912271554192,53041,237.3974000220187,ok,
99677,O[C@@H](COc1ccc(Cl)cc1Cl)CSc1nnnn1C1CC1,2.8468,2.858204,0.011404000000000192,0.011404000000000192,0.00013005121600000437,0.3997893778865077,53038,237.3932000482455,ok,
99787,CNS(=O)(=O)c1ccc(C(=O)Nc2cc(F)ccc2NC(C)C)o1,2.3994,2.461231,0.06183100000000019,0.06183100000000019,0.0038230725610000236,2.544155275313028,53042,237.44100000476465,ok,
99927,CCc1n[n-]c([S@@](=O)[C@H](C)C(=O)N[C@@H]2CCCC[C@@H]2C)n1,1.1872,1.190918,0.003717999999999888,0.003717999999999888,1.3823523999999168e-05,0.31268423181691474,53042,237.50479996670038,ok,
99936,CCN1C(=O)/C(=C/c2ccccc2I)SC1=S,3.5123,3.49336,-0.01894000000000018,0.01894000000000018,0.0003587236000000068,0.5407056579965392,53041,237.4921000446193,ok,
100223,N#C[C@H]1CN(C(=O)c2cc(NN)ccc2[N+](=O)[O-])CCO1,0.24498,0.0,-0.24498,0.24498,0.0600152004,200.0,53039,236.5045999758877,ok,
100605,CC[C@]1(C)NC(=O)N(NC(=O)CNc2ccccc2N2CCCCCC2)C1=O,2.2306,2.024561,-0.20603900000000008,0.20603900000000008,0.04245206952100004,9.68419291302962,53043,237.25770000601187,ok,
100799,CN(c1ccccc1)c1cc2c(cc1Cl)[C@@H](O)C(=O)N2,3.0934,2.937598,-0.155802,0.155802,0.024274263203999998,5.1667070690456205,53040,237.12430003797635,ok,
100812,CCOCCN(CC)C(=O)Nc1c[nH]nc1-c1ccccn1,2.362,2.342139,-0.01986100000000013,0.01986100000000013,0.0003944593210000051,0.8444053205060535,53039,236.99880001368,ok,
100854,CCCC(=O)N1CCC(Oc2nc3ccccc3s2)CC1,3.4662,3.096387,-0.36981300000000017,0.36981300000000017,0.1367616549690001,11.270342016037278,53039,237.00510000344366,ok,
100953,O=C(NCCc1ccc(Cl)cc1)c1nnc(Cc2ccc(Cl)cc2)o1,3.9397,3.215479,-0.724221,0.724221,0.524496056841,20.24326714957096,53040,236.33099999278784,ok,
101092,COc1cc(NC(=O)c2ccc(-n3c(=S)[nH]c4ccccc4c3=O)cc2)cc(OC)c1OC,4.32639,4.207911,-0.11847899999999978,0.11847899999999978,0.014037273440999948,2.7765367075756946,53042,236.08349997084588,ok,
101362,C[C@H]1CC(C(=O)NCc2ccccc2CN2CCCC2=O)C[C@@H](C)O1,2.6288,2.62002,-0.008780000000000232,0.008780000000000232,7.708840000000407e-05,0.33455138488270625,53039,236.34919995674863,ok,
101991,[NH3+]C[C@H]1CC[C@H](c2nc(-c3cccc(Br)c3)no2)O1,1.9611,2.302442,0.34134200000000003,0.34134200000000003,0.11651436096400003,16.012132635259604,53041,236.4211999811232,ok,
104685,Cn1cc[nH+]c1[C@@H](NCC(C)(C)S(C)(=O)=O)c1cccs1,1.4029,1.429102,0.02620200000000006,0.02620200000000006,0.000686544804000003,1.8504224220180676,53039,236.8115999852307,ok,
106299,Cc1noc(C)c1CCC(=O)NC[C@H]1CC2c3ccccc3C1c1ccccc12,4.63754,4.247608,-0.38993200000000083,0.38993200000000083,0.15204696462400066,8.777163869414462,53042,236.84249998768792,ok,
106556,Cn1c(C2CC2)nc2cc(NC(=O)C(=O)N[C@@H]3CC=CCC3)ccc21,2.6141,2.500928,-0.11317200000000005,0.11317200000000005,0.012807901584000012,4.425078415993032,53042,237.00850002933294,ok,
106632,Cc1nn(C)cc1[C@H](C)NS(=O)(=O)/C=C/c1ccc(Cl)cc1,3.03322,3.05669,0.023470000000000102,0.023470000000000102,0.0005508409000000048,0.7707831478626155,53038,237.1852000360377,ok,
107031,COc1cccc(NC(=O)c2ccc(Br)cc2)c1,3.71,4.049122,0.3391219999999997,0.3391219999999997,0.1150037308839998,8.741246754465253,53039,237.32199997175485,ok,
107184,NS(=O)(=O)Cc1ccc(NC(=O)c2cnc3ccccn3c2=O)cc1,0.7353,0.87334,0.13804000000000005,0.13804000000000005,0.019055041600000013,17.16232345335191,53039,237.5206999713555,ok,
107527,O=C(CN1C(=O)[C@H]2[C@H]3C=C[C@H](C3)[C@H]2C1=O)NCCc1ccc[nH]1,0.4805,0.516065,0.03556500000000001,0.03556500000000001,0.001264869225000001,7.137517372173419,53038,237.28229996049777,ok,
107646,C[C@@H]1CC(=O)c2cnc(NC[C@@H]3CCCO3)nc2C1,1.8325,1.984864,0.15236399999999994,0.15236399999999994,0.023214788495999984,7.982681242868113,53042,237.39680001745,ok,
108071,CC[NH2+][C@H](C)c1ccc(N[C@H](C)CC)cc1,2.5413,2.62002,0.07871999999999968,0.07871999999999968,0.0061968383999999495,3.050382460300841,53043,237.68030002247542,ok,
108360,Cc1nc(C(C)C)sc1[C@@H](C)[NH+](C)Cc1c(C)nn(C)c1Oc1cccnc1,3.5800400000000003,3.374268,-0.2057720000000005,0.2057720000000005,0.04234211598400021,5.9178282008792396,53039,237.56729997694492,ok,
108787,CCc1nnc2n1C[C@H](C[NH2+]Cc1cn(-c3ccccc3)nn1)CC2,0.7472,0.754248,0.007048000000000054,0.007048000000000054,4.967430400000076e-05,0.9388270522855343,53042,237.4277000199072,ok,
108874,CC[C@H](COC)[NH2+]Cc1nnc(-c2ccccc2)s1,1.6935,1.826075,0.1325749999999999,0.1325749999999999,0.01757613062499997,7.533580048727469,53039,237.55260003963485,ok,
109178,Cc1cc(F)c(N)cc1S(=O)(=O)NCCc1ncn[nH]1,0.35542,0.43667,0.08124999999999999,0.08124999999999999,0.006601562499999998,20.515345478417853,53043,237.62680002255365,ok,
109317,CCNc1cc2c([nH+]n1)CCN(C(=O)c1c(C)noc1C)C2,1.13084,1.111524,-0.01931600000000011,0.01931600000000011,0.0003731078560000043,1.722824661830114,53038,237.719000026118,ok,
109658,CS(=O)(=O)[C@H]1CC[C@@H](OC(=O)COc2ccc(F)c(Cl)c2)C1,2.3668,2.381836,0.015035999999999827,0.015035999999999827,0.0002260812959999948,0.6332765872136685,53038,237.58830002043396,ok,
109703,CC[NH2+][C@@H]1CCC[C@H](N2CC[C@H]([NH+](C)C)C2)C1,-0.9003,-0.952735,-0.05243500000000001,0.05243500000000001,0.002749429225000001,5.659364232192053,53042,237.89160000160336,ok,
109943,Cc1ccc(CNC(=O)[C@@H]2CN(C)CCO2)c(N(C)C)c1,1.0078200000000002,1.151221,0.1434009999999999,0.1434009999999999,0.020563846800999968,13.283768117418786,53039,237.74120002053678,ok,
110030,CCOc1cc([C@@H]2C(C#N)=C(N)Oc3[nH]nc(-c4ccccc4)c32)ccc1OC(=O)N1CCOCC1,3.5245800000000003,3.136085,-0.38849500000000026,0.38849500000000026,0.1509283650250002,11.66535173289755,53038,237.27019998477772,ok,
110076,CCCS(=O)(=O)CC(=O)N1C[C@@H](C)NC(=O)c2ccc(F)cc21,1.1154,1.230615,0.11521500000000007,0.11521500000000007,0.013274496225000015,9.822187837673678,53039,237.3914999770932,ok,
110113,O=C(NC[C@@H](c1ccc(Cl)cc1)n1cccn1)N[C@@H]1C=C[C@H](CO)C1,2.3621,2.262745,-0.09935500000000008,0.09935500000000008,0.009871416025000017,4.2965764258045445,53038,237.45930002769455,ok,
110388,C/[NH+]=C(/NCC[S@](=O)C(C)(C)C)N1CCN(c2ccccc2F)CC1,0.1509,0.039697,-0.111203,0.111203,0.012366107208999999,116.68913991301017,53038,236.97700002230704,ok,
110389,Cc1cc(C(=O)NC2CC(C)C2)c2cnn(C(C)C)c2n1,2.84892,2.937598,0.08867799999999981,0.08867799999999981,0.007863787683999967,3.0649865774201275,53042,237.29339998681098,ok,
110516,O=C(OC1CCCCC1)c1ccccc1F,3.3152,3.533057,0.21785699999999997,0.21785699999999997,0.047461672448999986,6.362407251947466,53038,237.5641000107862,ok,
110561,CSC[C@@H]1CC[NH+](Cc2csc(CS(C)(=O)=O)n2)C1,0.4555,0.555762,0.10026199999999996,0.10026199999999996,0.010052468643999992,19.82908484645917,53039,237.7190999686718,ok,
110683,Cc1ccsc1[C@@]1(C(=O)N2C[C@H]3C[C@H](O)[C@@H](O)C[C@H]3C2)CC1(C)C,2.31442,2.421534,0.10711399999999971,0.10711399999999971,0.011473408995999938,4.523439205701733,53043,237.7140000462532,ok,
110739,CC(C)(C#N)CCCNc1ccccc1OC1CCCC1,4.74988,4.882765,0.13288499999999992,0.13288499999999992,0.01765842322499998,2.7590552750568493,53042,237.68680001376197,ok,
110809,COc1ccc(C)cc1NC(=O)C(=O)N/N=C\c1cc2c(cc1Br)OCO2,2.58362,2.699415,0.11579500000000031,0.11579500000000031,0.013408482025000073,4.383654471340822,53038,237.60669998591766,ok,
110998,C[C@H](SCc1ccccc1)C(=O)N/N=C/c1ccc2c(c1)OCO2,3.1873,3.374268,0.1869679999999998,0.1869679999999998,0.034957033023999926,5.698881730708265,53037,237.61440004454926,ok,
111039,O=[N+]([O-])c1ccc(CNc2ccc(Br)cn2)cc1,3.3644,3.374268,0.009867999999999988,0.009867999999999988,9.737742399999976e-05,0.29287687121549805,53038,237.65460000140592,ok,
111171,CC[C@H]([NH2+][C@@H]1CCCc2ccc(F)cc21)c1ccc2c(c1)CC(=O)N2C,3.4367,3.374268,-0.062432000000000265,0.062432000000000265,0.0038977546240000333,1.8332783240209105,53038,237.71939997095615,ok,
111177,COc1ccc([C@@H](C)Nc2ncc(Cl)cc2F)cc1,4.0558,3.93003,-0.12576999999999972,0.12576999999999972,0.015818092899999928,3.149829134855105,53039,237.73539997637272,ok,
112022,CN(C)C(=O)c1cc(NC(=O)C(=O)NCC2CCC2)ccc1Cl,1.8966,1.74668,-0.14992000000000005,0.14992000000000005,0.022476006400000016,8.229946641487892,53039,237.850499979686,ok,
112924,CC(C)(C)c1nc(C[NH+]2CCN(c3nnnn3-c3ccccc3)CC2)cs1,1.3214,1.389405,0.0680050000000001,0.0680050000000001,0.004624680025000012,5.017328800854366,53041,237.45070002041757,ok,
113876,COCCC[NH2+][C@H]1CCOC2(CCSCC2)C1,1.0311,1.230615,0.1995150000000001,0.1995150000000001,0.03980623522500004,17.642806454394133,53042,237.7021000138484,ok,
114093,C#CCN(CC(=O)[O-])C(=O)[C@H](c1ccc(Cl)cc1)C(C)C,1.2913,1.230615,-0.06068499999999988,0.06068499999999988,0.003682669224999985,4.812612637618625,53039,237.63739998685196,ok,
114328,C#CCCOc1ccc(CN2[C@@H](C)COC[C@H]2C)cc1,2.6979,2.897901,0.20000099999999987,0.20000099999999987,0.04000040000099995,7.148252770246829,53039,237.7711000153795,ok,
114501,C[NH+](C)[C@H](CNC(=O)c1cccc(CN2C(=O)c3ccccc3C2=O)c1)c1cccc(F)c1,2.2375,1.984864,-0.25263599999999986,0.25263599999999986,0.06382494849599993,11.966566596342707,53038,237.41050000535324,ok,
114660,CNS(=O)(=O)c1cc(C(=O)N2CCCC[C@H]2C[NH+](C)C)c(C)o1,-0.36468,-0.238184,0.126496,0.126496,0.016001238016,41.9650203030866,53039,237.54390003159642,ok,
114757,C[C@@H]([NH2+]CC(=O)NCCc1c[nH]c2ccccc12)c1ccc(F)cc1,2.2903,2.342139,0.05183900000000019,0.05183900000000019,0.00268728192100002,2.2380866752913615,53041,237.25990002276376,ok,
114793,COc1ccc(-c2onc(C)c2C(=O)NCCc2cccc(Cl)c2)cc1,4.28452,4.287306,0.0027860000000003993,0.0027860000000003993,7.761796000002224e-06,0.0650036526639808,53038,237.34490002971143,ok,
114833,O=C(N(Cc1ccccc1)C1CC1)C1(c2cccc(F)c2)CC1,4.0485,4.168214,0.1197140000000001,0.1197140000000001,0.014331441796000023,2.9139142484453058,53042,237.5577000202611,ok,
114890,Cc1ccc[nH+]c1N1CCN(C(=O)[C@@H]2C[C@@H](O)C[NH2+]2)CC1,-1.84568,-1.826075,0.019605000000000095,0.019605000000000095,0.0003843560250000037,1.0678817077936895,53039,237.64320003101602,ok,
114918,O=C1C[C@H](C(=O)N(C2CCCC2)C2CCCC2)CN1c1ccc2c(c1)OCCO2,3.5245,2.897901,-0.6265990000000001,0.6265990000000001,0.39262630680100014,19.51292047942818,53041,237.34870000043884,ok,
114925,CCCCCn1c(=O)c2ccccc2n(CC(=O)Nc2ccc(F)c(F)c2)c1=O,3.2703,3.175782,-0.09451800000000032,0.09451800000000032,0.008933652324000061,2.932572064705361,53038,237.39419999765232,ok,
115215,CCc1ccc(N2C(=O)/C(=C/c3ccc(O)c(Cl)c3)C(=O)NC2=S)cc1,3.4393,3.572755,0.1334550000000001,0.1334550000000001,0.017810237025000026,3.8064447583483045,53042,237.49959998531267,ok,
116039,CCc1onc(C)c1NC(=O)N1C[C@H](C)N(CCOC)[C@H](C)C1,2.11832,2.103956,-0.014364000000000043,0.014364000000000043,0.00020632449600000124,0.6803913339630114,53038,237.56800004048273,ok,
116689,C[C@@H](Cn1ccnc1)NC(=O)C1=NN(Cc2ccccc2)C(=O)CC1,1.5664,1.667286,0.10088600000000003,0.10088600000000003,0.010177984996000006,6.239690557462909,53042,237.49500000849366,ok,
117057,COC(=O)c1c(C)[nH]c(C(=O)NNC(=O)c2cc(C)oc2C)c1C,1.70278,1.865772,0.16299200000000003,0.16299200000000003,0.026566392064000008,9.134909621605628,53039,237.57410002872348,ok,
117617,CCOc1ccc(F)c(C(=O)N(C)CCSC)c1F,2.7985,2.739112,-0.05938800000000022,0.05938800000000022,0.003526934544000026,2.144895669830252,53042,237.74040001444519,ok,
117860,O=C([O-])CCc1nc(-c2ccccc2)c(-c2ccccc2)o1,2.6911,2.818506,0.12740600000000013,0.12740600000000013,0.016232288836000034,4.624867912514984,53039,237.56549996323884,ok,
118042,Cc1cccc(NC(=O)Cn2nnc3sc4c(c3c2=O)CC[C@H](C(C)(C)C)C4)c1,3.95112,3.969728,0.018607999999999958,0.018607999999999958,0.0003462576639999984,0.4698486828682979,53041,237.37160000018775,ok,
118052,CCOC(=O)c1noc2nc(C)n(CC(=O)N(C)Cc3ccccc3)c(=O)c12,1.52822,1.786377,0.2581570000000002,0.2581570000000002,0.0666450366490001,15.576976627927932,53042,237.4516999698244,ok,
118196,CCc1ccc(N)cc1S(=O)(=O)Nc1ccc(C)c(F)c1,3.07952,3.016993,-0.06252700000000022,0.06252700000000022,0.003909625729000028,2.0512381421970303,53039,237.61329997796565,ok,
118322,COc1cccc2c1OCC(C(=O)Nc1ccc(NC3CCOCC3)cc1)=C2,3.7006,3.771241,0.07064099999999973,0.07064099999999973,0.004990150880999962,1.8908592942488935,53041,237.38619999494404,ok,
118466,COCCCOc1cccc(NC(=O)N2CCc3cc(F)ccc3[C@H]2C)c1,4.3922,4.327003,-0.0651969999999995,0.0651969999999995,0.004250648808999936,1.4954807222632505,53039,237.38219996448606,ok,
118555,Cc1nn(C(C)C)c(C)c1[C@H]1CC(=O)Nc2cc(N3CCNC3=O)ccc21,3.08454,3.255177,0.17063700000000015,0.17063700000000015,0.029116985769000053,5.38311094958971,53042,237.403099949006,ok,
118730,CCN1/C(=C/c2sc3ccc(Br)cc3[n+]2CC)C=Cc2ccccc21,5.8654,5.716408,-0.1489919999999998,0.1489919999999998,0.022198616063999938,2.5728625444317466,53037,237.41820000577718,ok,
118813,O=C(CCc1ccc(Cl)s1)O[C@H]1CCOC1,2.6662,2.659717,-0.0064829999999997945,0.0064829999999997945,4.2029288999997334e-05,0.24345103387828965,53037,237.63100005453452,ok,
119368,Cc1noc(COCC(=O)N2CCSC[C@@H]2c2ccc(C)o2)n1,2.11274,2.143653,0.03091299999999997,0.03091299999999997,0.0009556135689999981,1.452544443147048,53040,237.6951000187546,ok,
119385,O=C(Nc1nc(-c2ccc3c(c2)CCO3)cs1)[C@@H]1CC(=O)N(c2ccccc2F)C1,3.8757,4.049122,0.17342199999999952,0.17342199999999952,0.030075190083999833,4.376678744330144,53043,237.38130001584068,ok,
119510,O=C(Nc1ccc(Cl)nn1)c1coc(-c2ccccc2)n1,3.0373,3.334571,0.29727099999999984,0.29727099999999984,0.08837004744099991,9.330728760830212,53038,237.674199976027,ok,
119653,C[C@@H](NC(=O)c1ccccc1)c1nc2ccccc2n1CC(=O)Nc1ccccc1Cl,4.8194,4.723976,-0.09542399999999951,0.09542399999999951,0.009105739775999907,1.999795460222871,53042,237.11500002536923,ok,
119661,O=C(Nc1nc[nH]n1)c1ccccc1OCc1cscn1,2.0925,1.905469,-0.18703099999999973,0.18703099999999973,0.034980594960999895,9.356300661660944,53039,236.99399997713044,ok,
120207,CC(C)CC[C@H]1CCC[C@H]1NC(=O)Cn1ccc(=O)[nH]c1=O,1.2577,1.31001,0.05230999999999986,0.05230999999999986,0.002736336099999985,4.074447659587715,53043,236.7958999820985,ok,
120497,CS(=O)(=O)N1CCC[C@@H]1C[NH2+][C@@H]1CC2(CCC2)Oc2ccccc21,1.4203,1.468799,0.04849900000000007,0.04849900000000007,0.0023521530010000066,3.357378892173655,53042,236.5538000012748,ok,
120609,Cc1cc2c(cc1C)C(=O)[C@@H](c1ccccc1)/C(=N/CCC[NH3+])C2=O,2.53924,2.381836,-0.1574040000000001,0.1574040000000001,0.02477601921600003,6.397137536587532,53041,236.73730000155047,ok,
120733,O=C([O-])c1cccc(S(=O)(=O)NC[C@@H]2CCOC2)c1,-0.6351,-0.793945,-0.15884500000000001,0.15884500000000001,0.025231734025000004,22.230930446556968,53039,237.12669999804348,ok,
120773,Cc1ccc2ncc(-c3nc(-c4cnn(C)c4)no3)n2c1,2.09322,2.103956,0.010736000000000079,0.010736000000000079,0.0001152616960000017,0.5115820732797518,53037,237.23809997318313,ok,
120873,COc1cc(CNC(=O)C(C)C)ccc1OCc1ccccc1,3.5464,3.652149,0.10574899999999987,0.10574899999999987,0.011182851000999973,2.9380643237963615,53038,237.06569999922067,ok,
121301,O=C1C[C@@H](c2ccccc2)N(C(=O)c2ccnc(OC3CCC3)c2)CCN1,2.7163,2.580323,-0.13597700000000001,0.13597700000000001,0.018489744529000002,5.134479082237871,53038,237.2550999862142,ok,
121913,O=C(Nc1ccc[nH+]c1N1CCCC1)NC1(CO)CCCC1,1.5275,1.508496,-0.01900400000000002,0.01900400000000002,0.0003611520160000008,1.2519120578551501,53041,237.3331999988295,ok,
122052,C[C@H]1CC[C@]2(CC[NH2+]C[C@@H]2c2ccc(Cl)cc2)C1,3.1971,2.897901,-0.29919899999999977,0.29919899999999977,0.08952004160099987,9.817849086489067,53042,237.3092999914661,ok,
122055,COc1ccc(C(=O)N2CCC(c3nc(-c4ccccc4)no3)CC2)cc1OC,3.7736,3.810938,0.03733800000000009,0.03733800000000009,0.001394126244000007,0.9845820536465133,53041,237.3978999676183,ok,
122068,COC(=O)[C@H](NS(=O)(=O)c1cccc(F)c1)C(C)(C)C,1.6917,1.826075,0.1343749999999999,0.1343749999999999,0.018056640624999978,7.639772299251653,53039,237.33030003495514,ok,
122267,COc1ccc(/C=C2/Cc3c(Cl)cccc3C2=O)cc1F,4.3101,4.08882,-0.22128000000000014,0.22128000000000014,0.048964838400000064,5.269248903430444,53042,237.49129998032004,ok,
122861,COC[C@H]1CCCN(C(=O)c2ccc(N3CCCCCCC3)[nH+]c2)C1,2.7698,1.786377,-0.9834229999999999,0.9834229999999999,0.9671207969289999,43.16877943942915,53041,236.85440002009273,ok,
122988,CC(=O)c1cc(F)c(C)cc1N(CCCO)C(C)C,2.93392,2.381836,-0.5520840000000002,0.5520840000000002,0.30479674305600024,20.771608027155505,53042,237.4442999716848,ok,
123164,CCOc1ccccc1NS(=O)(=O)N1C[C@H](C)O[C@H](C)C1,1.8512,1.945166,0.093966,0.093966,0.008829609155999998,4.950313009862589,53039,237.38189996220171,ok,
123409,O=C(NCc1ccccc1)c1ccc2c(=O)n3c(nc2c1)CCCCC3,3.0529,3.136085,0.08318499999999984,0.08318499999999984,0.006919744224999974,2.6881629217068657,53041,237.23780002910644,ok,
123493,C[C@@H]1CN(C(=O)c2ccc(-n3cccc3)nc2)c2ccccc2O1,3.3,3.294874,-0.005125999999999742,0.005125999999999742,2.6275875999997355e-05,0.15545406932716963,53042,237.4263999518007,ok,
123578,Cn1c(=O)c2c(SCc3ccc(Br)cc3)nc(-c3cccs3)nc2n(C)c1=O,3.8105,3.850636,0.04013599999999995,0.04013599999999995,0.001610898495999996,1.0477819477424744,53037,237.20309999771416,ok,
123599,Cc1c([C@H]2C[C@@H]2C[NH2+]C2CC2)cnn1C,0.55782,0.674854,0.11703399999999997,0.11703399999999997,0.013696957155999993,18.98863770956473,53041,237.497300026007,ok,
123630,CC[C@@H](C)N(CC(=O)Nc1ccon1)C(=O)CC(C)C,2.2863,2.858204,0.571904,0.571904,0.32707418521599996,22.233591421058275,53041,237.17779997969046,ok,
123641,CN(C)c1nc(Cl)nc(NCCC(=O)NC2CC2)n1,0.6716,0.396973,-0.27462699999999995,0.27462699999999995,0.07541998912899997,51.40069981180508,53038,237.2909999685362,ok,
123662,CNC(=O)COc1ccccc1CN1CCO[C@@H](c2cccc(OC)c2)C1,2.3935,2.739112,0.34561200000000003,0.34561200000000003,0.11944765454400003,13.467295014702065,53040,237.21089999889955,ok,
123665,Cc1cc(/C=N/Nc2ccc([N+](=O)[O-])cn2)c(C)n1-c1ccc([N+](=O)[O-])cc1,3.75154,3.691847,-0.059692999999999774,0.059692999999999774,0.003563254248999973,1.6039203658227035,53038,237.18890000600368,ok,
123739,Cc1ccc(-n2c(C)nnc2SCC(=O)N(Cc2ccco2)C2=CCCCC2)cc1,5.0559400000000005,4.882765,-0.17317500000000052,0.17317500000000052,0.029989580625000182,3.484860452141411,53038,237.36849997658283,ok,
123891,COc1ccc(CN2C(=O)C[C@@H](C(=O)Nc3ccccc3OC)S/C2=N\c2ccc(F)cc2)cc1,5.0034,5.160645,0.15724499999999964,0.15724499999999964,0.024725990024999884,3.0941421451793976,53040,237.03399999067187,ok,
124006,ClCc1cc2cccnc2cc1Cl,3.627,3.453663,-0.17333699999999963,0.17333699999999963,0.030045715568999872,4.8960669361047024,53040,237.33160004485399,ok,
124020,CCc1cccc(CC)c1NC(=O)C(=O)N[C@@H](CC)c1ccncc1,3.4124,3.374268,-0.038132000000000055,0.038132000000000055,0.0014540494240000042,1.1237325886576464,53037,237.31400002725422,ok,
124196,CC(C)[C@@H]([NH3+])Cc1nc([C@H]2CN(C)CCO2)no1,-0.1183,-0.039697,0.078603,0.078603,0.006178431609000001,99.49935758273892,53037,237.69409995293245,ok,
124223,Cc1c(C(=O)N[C@H]2CC[C@H]([NH+](C)C)C2)nnn1-c1cccc([N+](=O)[O-])c1,0.27932,0.555762,0.27644199999999997,0.27644199999999997,0.07642017936399999,66.20715091452097,53038,237.51040000934154,ok,
124603,Cc1cc(F)cc(NCC(=O)NC2CC2)c1,1.82462,2.064258,0.23963800000000024,0.23963800000000024,0.05742637104400011,12.324274507968635,53042,237.64840001240373,ok,
124698,COC(=O)[C@H]1CN(Cc2cnc(C3CCCC3)s2)CCO1,2.1745,2.699415,0.524915,0.524915,0.275535757225,21.539768338183986,53042,237.2031999984756,ok,
125399,CC(=O)Nc1ccc(N2CCCCCC2)c(C(=O)[O-])c1,1.3889,1.190918,-0.1979820000000001,0.1979820000000001,0.03919687232400004,15.348524585842885,53043,237.15010000159964,ok,
125571,CC(=O)NCC(=O)N[C@@H]1CC(=O)N(CCc2cccc(Cl)c2)C1,0.7357,0.635156,-0.10054399999999997,0.10054399999999997,0.010109095935999993,14.668790886861927,53036,237.41940001491457,ok,
125822,O=C(c1cc2cccc(Br)c2o1)N1CC[C@H](O)C1,2.4021,2.500928,0.09882800000000014,0.09882800000000014,0.009766973584000027,4.031304736583195,53041,237.11139999795705,ok,
125837,Cn1c(Cn2ccnc2)nnc1C1CC[NH+](Cc2cccc(O)c2)CC1,0.728,0.555762,-0.172238,0.172238,0.029665928644,26.83332268753866,53041,237.1067000203766,ok,
125988,CN(CC1CCC1)C(=O)N(CC(=O)[O-])C(C)(C)C,0.6887,0.357275,-0.33142499999999997,0.33142499999999997,0.10984253062499998,63.371495494634196,53038,237.14620003011078,ok,
125991,Cc1cc(C#N)ccc1S(=O)(=O)N(C)Cc1ccc(Cl)s1,3.4023,3.255177,-0.14712299999999967,0.14712299999999967,0.021645177128999903,4.419782449116975,53038,237.47729999013245,ok,
126143,Cc1cc(SC(=O)c2ccncc2)nc(S)n1,2.40122,2.381836,-0.019384000000000068,0.019384000000000068,0.0003757394560000026,0.8105278299062385,53039,237.56860004505143,ok,
126222,Cc1noc(C)c1CC(=O)N1CC[C@@H](C(=O)[O-])[C@H]1C,-0.17916,-0.595459,-0.416299,0.416299,0.173304857401,107.48484093470468,53039,237.59719997178763,ok,
126277,C/C(=N\Nc1nc2ccccc2nc1C)c1ccccc1O,3.47992,3.294874,-0.18504599999999982,0.18504599999999982,0.034242022115999936,5.4627786468488875,53039,236.60709999967366,ok,
126289,O=C(Nc1ccc(C[NH+]2CCCCC2)cc1)c1ccc([N+](=O)[O-])cc1,2.4159,2.461231,0.04533100000000001,0.04533100000000001,0.002054899561000001,1.8589207466438775,53039,236.68550001457334,ok,
126447,CCOC(=O)CC[C@@H](C)Nc1c(Cl)cccc1C#N,3.3553800000000003,3.334571,-0.0208090000000003,0.0208090000000003,0.00043301448100001246,0.6220972321023068,53039,236.60139995627105,ok,
126448,C#CCN1CCN(C(=O)NCc2cccnc2)CC1,0.542,0.198486,-0.34351400000000004,0.34351400000000004,0.11800186819600003,92.78068727835505,53038,236.83359997812659,ok,
126498,COc1ccccc1[C@H]1CCCN1C(=O)c1cnc(C)cn1,2.7709200000000003,2.739112,-0.03180800000000028,0.03180800000000028,0.0010117488640000178,1.1545486487192915,53042,236.88330000732094,ok,
126562,O=S(=O)(Cc1ccccc1)Nc1ccccc1Cl,3.2819,3.413966,0.13206600000000002,0.13206600000000002,0.017441428356000006,3.9447025970949845,53043,237.2604999691248,ok,
126644,CC[NH2+][C@@H]1[C@H](N2CC[NH+]([C@H](C)CC)CC2)CCC1(C)C,0.1259,0.158789,0.032889,0.032889,0.0010816863210000001,23.10521305705524,53038,237.2859000461176,ok,
126893,CC(C)(C)OC(=O)N1CCCC[C@H]1CCOc1nc2ccccc2nc1N,3.7705,3.771241,0.0007409999999996586,0.0007409999999996586,5.490809999994941e-07,0.019650635045665412,53038,237.15830000583082,ok,
126967,O=[N+]([O-])c1ccc(S(=O)(=O)NCC[C@@H](O)C2CC2)cc1,1.0341,0.754248,-0.279852,0.279852,0.07831714190399999,31.29726429084272,53042,237.53589997068048,ok,
127304,C[NH2+]C[C@@H]1C[C@@]12CCCc1ccc(OC)cc12,1.4824,1.74668,0.26428000000000007,0.26428000000000007,0.06984391840000004,16.368748993521383,53042,237.59829998016357,ok,
127310,O=C(COc1ncnc2scc(-c3ccccc3)c12)N1CCc2ccccc21,4.3264,4.247608,-0.07879199999999997,0.07879199999999997,0.006208179263999996,1.8379269065295947,53042,237.01100004836917,ok,
127591,CC[NH2+][C@@H](C)[C@H]1CCCC(C)(C)CC1,2.5647,2.739112,0.1744119999999998,0.1744119999999998,0.030419545743999927,6.576854534059645,53042,237.41180001525208,ok,
127875,C=CCc1ccc(OC(=O)c2ccc([S@](C)=O)cc2)c(OC)c1,3.3803,3.05669,-0.32360999999999995,0.32360999999999995,0.10472343209999997,10.054699479104363,53038,237.21379996277392,ok,
127927,Cc1ccc([C@@H]2C[C@@H]2C(=O)N2CCn3c(C)nnc3C2)s1,2.1023400000000003,2.18335,0.08100999999999958,0.08100999999999958,0.006562620099999933,3.780488089432487,53039,237.2991000302136,ok,
128105,CC[C@@H](C)N1C(=O)c2ccc(C(=O)[O-])cc2S1(=O)=O,-0.0069,-0.158789,-0.15188900000000002,0.15188900000000002,0.023070268321000006,183.342285848789,53039,237.6098000095226,ok,
128596,CCOc1ccc(NC(=O)[C@@H](C)OC)cc1Cl,2.7121,2.818506,0.10640600000000022,0.10640600000000022,0.011322236836000048,3.8478965957799276,53041,237.30630002683029,ok,
128599,COC(=O)c1cn([C@H]2CO[C@@H]3[C@@H](NC(=S)NC4CCCCC4)CO[C@H]23)nn1,0.5688,0.555762,-0.013037999999999994,0.013037999999999994,0.00016998944399999985,2.3187694409023236,53041,237.3397999908775,ok,
128609,CO[C@H](C)C(=O)N(CCC(N)=O)Cc1ccccc1,0.9255,0.754248,-0.17125199999999996,0.17125199999999996,0.029327247503999985,20.390201387350956,53043,237.22790001193061,ok,
128661,CCOc1c(Br)cc(C(=O)Nc2nnc(C)s2)cc1OC,3.26862,3.255177,-0.01344299999999965,0.01344299999999965,0.00018071424899999058,0.4121219590370347,53041,237.3581999563612,ok,
128931,O=C(c1cc(Cl)ccc1Cl)N1C(=O)[C@@H]2CCCCN2C(=O)c2ccccc21,4.1751,3.810938,-0.36416199999999943,0.36416199999999943,0.13261396224399957,9.11996662174659,53042,236.94220004836097,ok,
129119,Cc1cc(C)c(N[C@H]2CCCc3cccnc32)c(C)c1,4.49636,4.168214,-0.32814600000000027,0.32814600000000027,0.10767979731600018,7.574428933263199,53037,237.18679999001324,ok,
129230,COc1ccc2c(c1)OC[C@@H](CNC(=O)N1CCCCC1)C2,2.4418,2.540626,0.09882599999999986,0.09882599999999986,0.009766578275999973,3.9669831523839933,53038,236.71199998352677,ok,
129237,CCC(C)(C)C(=O)Nc1nc(C)cc(C)n1,2.46814,2.461231,-0.006908999999999832,0.006908999999999832,4.773428099999768e-05,0.2803197405916427,53037,236.5884999744594,ok,
129638,CSC[C@@H]1CC[NH+](Cc2cnc3ncccn23)C1,0.4971,0.555762,0.05866199999999999,0.05866199999999999,0.003441230243999999,11.143340722715797,53037,236.8768000160344,ok,
129640,CCCCOC(=O)Cc1nnc(=O)[nH]c1[O-],-0.8757,-0.635156,0.24054399999999998,0.24054399999999998,0.05786141593599999,31.84208157494824,53043,236.88669997500256,ok,
129653,Nc1ccc(Oc2ccc3c(c2)C(=O)N(c2ccc4c(c2)OCO4)C3=O)cc1,3.5904,3.810938,0.22053800000000034,0.22053800000000034,0.04863700944400015,5.959408960920318,53039,236.5593999857083,ok,
129672,O=C(NC[C@H]1CCCOC1)C1(Cc2ccccc2-c2cccnc2)CCOCC1,3.6307,3.652149,0.02144900000000005,0.02144900000000005,0.00046005960100000223,0.5890277280223728,53042,236.7462000111118,ok,
129805,Cn1nc(C(C)(C)C)nc1[C@H]1CC[C@H]2CCCC[C@@H]2[NH2+]1,2.0697,2.421534,0.35183399999999976,0.35183399999999976,0.12378716355599984,15.667587126388861,53041,236.67529999511316,ok,
130306,C=CCn1c(=C(C#N)C#N)s/c(=C\c2cccc(OCC)c2)c1=O,1.52116,1.389405,-0.13175500000000007,0.13175500000000007,0.017359380025000017,9.053568637017216,53043,237.12810000870377,ok,
131592,CC(C)[C@](C)(C#N)NC(=O)CSc1nc2ccccc2o1,2.97438,3.096387,0.12200699999999998,0.12200699999999998,0.014885708048999994,4.019492100421577,53037,236.88089998904616,ok,
131759,CCc1ccc(C[C@@](C)(O)c2cc(F)cc(F)c2)s1,4.0389,3.731544,-0.30735599999999996,0.30735599999999996,0.09446771073599998,7.910899299962782,53043,237.24340001353994,ok,
131892,O=C(N[C@H](Cc1ccccc1)C(=O)N1CCN(S(=O)(=O)c2ccc(F)cc2)CC1)c1ccccc1,2.6999,2.540626,-0.15927399999999992,0.15927399999999992,0.025368207075999974,6.07855013027318,53041,237.27330000838265,ok,
131972,C/C(=N/Nc1nc2ccccc2[nH]1)c1ccc(OC(F)F)cc1OC(F)F,4.6018,4.207911,-0.3938889999999997,0.3938889999999997,0.15514854432099978,8.942154856158158,53041,237.09549999330193,ok,
132360,CC[C@@H](C)C(=O)NCCCn1nc(C)cc1C,2.05234,2.143653,0.09131299999999998,0.09131299999999998,0.008338063968999996,4.352390483015581,53039,237.53849999047816,ok,
136297,CC(C)C[C@H](C[NH3+])C(=O)Nc1cccc(-n2ccnc2)c1,1.715,1.349707,-0.3652930000000001,0.3652930000000001,0.13343897584900005,23.83868996285779,53039,237.24779998883605,ok,
137068,O=C(NCc1ccsc1)NC[C@H](O)c1ccsc1,2.3424,2.143653,-0.198747,0.198747,0.039500370009,8.860662145543087,53042,237.6034000189975,ok,
137268,COCC[NH+](Cc1ccc(C)o1)Cc1cccn1C,1.15802,1.032129,-0.12589099999999998,0.12589099999999998,0.015848543880999995,11.496112821547756,53039,237.46039997786283,ok,
137459,Oc1c([C@@H](Nc2cc(Cl)cc(Cl)c2)c2ccccn2)ccc2cccnc12,5.8437,5.67671,-0.1669900000000002,0.1669900000000002,0.027885660100000063,2.899028767205337,53042,237.112500006333,ok,
137577,Cc1ccc(/C=C/C(=O)N2CCN(Cc3c(C)noc3C)CC2)cc1,2.95746,2.62002,-0.3374400000000004,0.3374400000000004,0.11386575360000027,12.100088211880651,53041,237.31019999831915,ok,
137652,COc1cc(C[NH+](C)[C@H]2CCN([C@H](C)c3ccccc3)C2)ccc1O,2.251,2.302442,0.05144200000000021,0.05144200000000021,0.0026462793640000216,2.259477555660101,53042,237.1242999797687,ok,
137826,CCNS(=O)(=O)[C@@H]1CCN(C(=O)c2ccncc2CC)C1,0.7978,0.317578,-0.4802219999999999,0.4802219999999999,0.23061316928399994,86.10928313092063,53038,237.2038000030443,ok,
137836,COc1cc(C)c(NC(=O)NC2CC[NH+](CC3CCCCC3)CC2)cc1OC,2.76132,2.699415,-0.06190499999999988,0.06190499999999988,0.0038322290249999847,2.267277207189138,53042,237.36319999443367,ok,
137852,CCOc1ccc(-c2cn3c(CC(=O)NC(C)(C)C)csc3n2)cc1,3.9187,3.691847,-0.22685299999999975,0.22685299999999975,0.05146228360899988,5.961542580316494,53038,237.1716999914497,ok,
138128,COc1cc(C=NN2C(=O)[C@H]3[C@@H]4C=C[C@H]([C@@H]3C2=O)[C@@H]2C[C@H]42)ccc1OCc1ccc([N+](=O)[O-])cc1,3.5694,3.096387,-0.4730129999999999,0.4730129999999999,0.2237412981689999,14.192262669059179,53038,236.57729994738474,ok,
138212,CC(C)CC[NH+](C[C@](C)(O)C(=O)[O-])C1CCCC1,-0.6391,0.0,0.6391,0.6391,0.40844881,200.0,53041,236.82290001306683,ok,
138477,O=C(NCc1ccc(F)cc1F)[C@@H]1CCCN(C(=O)NC2CC2)C1,2.165,1.984864,-0.18013600000000007,0.18013600000000007,0.03244897849600003,8.681537515446292,53041,237.0748000103049,ok,
138646,Cc1cccc(C)c1CN1C(=O)N[C@@](C)(c2cccs2)C1=O,3.3321400000000003,2.977296,-0.3548440000000004,0.3548440000000004,0.12591426433600028,11.248041821804687,53038,236.951400001999,ok,
138821,CCCCNC(=O)[C@H]1CSC[NH2+]1,-0.461,-0.198486,0.262514,0.262514,0.06891360019600001,79.61169759479353,53039,237.17440001200885,ok,
139562,C[C@H]1CN(c2ccc(CNC(=O)N(C)Cc3cccs3)c[nH+]2)C[C@@H](C)O1,2.5174,2.500928,-0.01647199999999982,0.01647199999999982,0.00027132678399999406,0.6564736302609083,53039,237.08280001301318,ok,
139692,COc1ccc(N2C(=O)[C@H](C)CS2(=O)=O)cc1S(=O)(=O)NCc1ccco1,1.0792,0.793945,-0.2852549999999999,0.2852549999999999,0.08137041502499996,30.45733245424139,53042,236.99339997256175,ok,
140262,CC[C@@H](C)OC(=O)[C@@H]1CC=CC[C@@H]1C(=O)NC1CCCCC1,3.3594,3.572755,0.21335499999999996,0.21335499999999996,0.045520356024999986,6.1555172958481155,53043,237.26339999120682,ok,
140509,CN1N=C(C(=O)N2CCC3=c4ccccc4=[NH+][C@@H]3[C@@H]2c2c(F)cccc2Cl)CCC1=O,0.294,-0.039697,-0.33369699999999997,0.33369699999999997,0.11135368780899997,200.0,53040,237.3178999987431,ok,
141174,O=C1CCc2ccc(C(=O)Nc3ccc(C(=O)N4CCOCC4)cc3)nc2N1,1.6909999999999998,1.865772,0.17477200000000015,0.17477200000000015,0.03054525198400005,9.827562745095843,53045,236.97809997247532,ok,
142040,CSc1cc(C(=O)Nc2ccccc2-c2ccccc2)ccn1,4.7228,4.3667,-0.3561000000000005,0.3561000000000005,0.12680721000000036,7.835414489245845,53040,237.01049998635426,ok,
142194,Nc1ccc(SC[C@H]2CCCCO2)cc1F,3.0691,3.096387,0.02728699999999984,0.02728699999999984,0.0007445803689999913,0.8851531111816419,53037,236.9262999854982,ok,
142205,O=C(Nc1nnc(C2CC2)s1)c1ccc([N+](=O)[O-])cc1,2.576,2.540626,-0.03537400000000002,0.03537400000000002,0.0012513198760000011,1.3827080580054127,53039,237.14590002782643,ok,
142356,CCNS(=O)(=O)[C@H]1CCN(C(=O)NCCc2sc(C)nc2C)C1,1.02564,1.032129,0.006488999999999967,0.006488999999999967,4.210712099999957e-05,0.6306830358509595,53042,237.09049995522946,ok,
142604,Cc1ccc(NC(=O)C2=Cc3cc(Cl)ccc3OC2)cc1S(N)(=O)=O,2.7103200000000003,2.937598,0.22727799999999965,0.22727799999999965,0.05165528928399984,8.04820466586093,53040,237.22640000050887,ok,
142835,C[C@]1(C(=O)NCc2ccccc2)Cn2c(cc3ccccc32)C(=O)N1Cc1ccco1,3.9654,4.247608,0.2822079999999998,0.2822079999999998,0.07964135526399989,6.872220263270164,53039,236.91599996527657,ok,
142845,CC(=O)c1cccc(NC(=O)CN(C)S(=O)(=O)c2cc3c(cc2C)NC(=O)CO3)c1,1.78772,1.905469,0.1177490000000001,0.1177490000000001,0.013864827001000024,6.376548830834278,53039,237.08290001377463,ok,
143021,N#Cc1ccc(O)c(NC(=O)c2cnc(Cc3ccccc3)s2)c1,3.56348,3.572755,0.0092749999999997,0.0092749999999997,8.602562499999444e-05,0.25994099129301934,53040,237.3370000277646,ok,
143361,CC(=O)c1cc([C@@H]2C[C@H]3CN(Cc4cccnc4)C(=O)[C@]34CCC[NH+]24)cs1,1.8666,2.302442,0.43584200000000006,0.43584200000000006,0.18995824896400004,20.90849648432422,53040,237.1679999632761,ok,
143389,CC[NH+]1CCN(CCNC(=O)N[C@H]2COc3ccccc3C2)CC1,-0.4903,-0.714551,-0.22425100000000003,0.22425100000000003,0.050288511001000014,37.22468587402094,53037,237.15449997689575,ok,
143758,C[C@@H]1CCc2c(sc3ncn4c(SCc5ccc6c(c5)OCO6)nnc4c23)C1,4.4848,4.327003,-0.15779699999999952,0.15779699999999952,0.024899893208999848,3.5814917786972655,53038,236.97830003220588,ok,
143789,C[C@@H](O/N=C/c1ccccc1F)C(=O)NCCc1ccc(F)cc1,3.0627,2.778809,-0.2838910000000001,0.2838910000000001,0.08059409988100007,9.719783021818511,53041,236.8997000157833,ok,
144363,CC#CCN[C@H](C)c1cc(C)ccc1OC,2.67752,2.897901,0.22038100000000016,0.22038100000000016,0.04856778516100007,7.905447857659543,53039,237.19580000033602,ok,
144474,O=C(NCc1ccc(F)cc1)Nc1cccc(C(F)(F)F)c1,4.1662,4.168214,0.0020139999999999603,0.0020139999999999603,4.05619599999984e-06,0.04832973260027545,53041,237.15280002215877,ok,
144996,Cc1cc2ncc([C@@H](C)[NH2+][C@H](c3nc(C)no3)C(C)C)c(C)n2n1,2.05926,1.984864,-0.07439600000000013,0.07439600000000013,0.0055347648160000195,3.6792145839247326,53042,236.37209995649755,ok,
147138,Cc1ccc(N)c(N[C@@]2(C)CCS(=O)(=O)C2)c1,1.5663200000000002,0.992432,-0.5738880000000002,0.5738880000000002,0.3293474365440002,44.85686772301498,53041,236.186699999962,ok,
147895,CCC(=O)Oc1ccc([C@H]2Nc3ccc4ccccc4c3C3=C2C(=O)CCC3)cc1OC,5.8372,4.763673,-1.0735270000000003,1.0735270000000003,1.1524602197290008,20.25355836259901,53042,236.02780001237988,ok,
148135,C[C@@H](Oc1ccccc1)C(=O)N1CCc2ccccc2C1,3.0388,2.977296,-0.061504000000000225,0.061504000000000225,0.0037827420160000277,2.0446482236985655,53042,235.5346999829635,ok,
148800,Cc1noc(-c2cnc(N(C)C)nc2-c2ccc(CNC(=O)[C@H]3C[C@H]3C)cc2)c1C,3.75364,3.652149,-0.10149099999999978,0.10149099999999978,0.010300423080999955,2.7408558358872974,53039,239.78409997653216,ok,
148813,COc1c(F)cc(NC(=O)N2CCOC[C@H]2C2CC2)cc1F,2.6161,2.540626,-0.07547399999999982,0.07547399999999982,0.005696324675999973,2.9272061381581964,53042,237.48190002515912,ok,
148955,COc1ccc(C)cc1-n1nnnc1SCC1=NC(=O)[C@@H]2SC=CC2=N1,2.08022,2.342139,0.2619189999999998,0.2619189999999998,0.06860156256099989,11.84521654619174,53039,235.9201000072062,ok,
151960,O[C@@H](CN1CCOCC1)c1cc(Cl)ccc1Cl,2.359,2.223047,-0.13595299999999977,0.13595299999999977,0.018483218208999938,5.934159994430426,53044,235.68039998644963,ok,
152658,COc1ccc(-c2ccc(OC(F)(F)F)cc2)cn1,3.6558,3.572755,-0.08304500000000026,0.08304500000000026,0.006896472025000043,2.2976929690650554,53042,236.27530003432184,ok,
152798,Cc1c([C@@H]2[C@H]([NH3+])CCCCN2C(C)C)cnn1C,1.27442,1.270313,-0.004107000000000083,0.004107000000000083,1.686744900000068e-05,0.32278435497948765,53041,236.2726999563165,ok,
152857,CN(Cc1cnn(C)c1)C(=O)c1ccc(OCC(F)F)nc1,1.7312,1.429102,-0.302098,0.302098,0.09126320160399999,19.118299453659805,53040,236.54050001641735,ok,
152872,C[NH+](C)Cc1cc(C(=O)/C=C/c2ccccc2)cc(C[NH+](C)C)c1[O-],-0.0547,0.754248,0.808948,0.808948,0.654396866704,200.0,53041,236.5484000183642,ok,
153002,O=S(=O)(Cc1ccc(F)cc1Cl)Cc1c(F)cccc1Cl,4.3866,4.287306,-0.09929399999999955,0.09929399999999955,0.00985929843599991,2.2894875734184708,53041,236.66150000644848,ok,
153196,Cn1cc(CN2CC[C@@H](C[NH+]3CCCC3)C2)c(-c2ccc([N+](=O)[O-])cc2)n1,1.4959,1.389405,-0.106495,0.106495,0.011341185025,7.381888569839237,53042,236.87759996391833,ok,
153351,CCOc1ccccc1Oc1ccc(CNC(=O)N2CCN(c3ccccc3)CC2)cn1,4.3044,3.890333,-0.4140670000000002,0.4140670000000002,0.17145148048900016,10.105686176718637,53041,236.07310000807047,ok,
153675,CC(C)[NH2+]C[C@H](Cc1cscn1)c1cccc(Cl)c1,3.0946,3.334571,0.23997100000000016,0.23997100000000016,0.05758608084100007,7.465068202416771,53041,236.71420000027865,ok,
153984,Cc1nc(CNC(=O)c2ccc(F)c(F)c2F)c(C)s1,3.10724,3.175782,0.06854199999999988,0.06854199999999988,0.004698005763999984,2.1818163297852493,53041,236.8961000465788,ok,
154126,CC[C@@H](Cn1nnc2ccccc2c1=O)NC(=O)Nc1ccc(C)cc1,2.7002200000000003,2.778809,0.07858899999999958,0.07858899999999958,0.006176230920999933,2.8687199866983573,53040,236.51060002157465,ok,
154166,Cc1ccccc1-n1nc(C(=O)N[C@H]2CCCc3ccccc32)nc1C,3.69154,3.890333,0.19879300000000022,0.19879300000000022,0.039518656849000085,5.243902133417435,53040,236.25890002585948,ok,
154172,O=C1C[C@H]2OCC=C3C[NH+]4CC[C@]56c7cc(/N=C/c8ccc([N+](=O)[O-])cc8)ccc7N1[C@H]5[C@H]2[C@H]3C[C@H]46,2.3342,2.223047,-0.11115299999999984,0.11115299999999984,0.012354989408999963,4.8780766107257225,53041,236.19690001942217,ok,
154432,O=C(Cn1c(=O)cc(-c2nc(-c3ccccn3)no2)c2ccccc21)Nc1c(F)cccc1F,4.0304,3.890333,-0.14006700000000016,0.14006700000000016,0.019618764489000046,3.5367181294963523,53045,236.23729997780174,ok,
154440,CC[C@@H](c1ncc([N+](=O)[O-])cc1Br)[C@@H](C)[NH2+]C,1.8276,1.945166,0.11756600000000006,0.11756600000000006,0.013821764356000014,6.232350482378184,53041,236.8193000438623,ok,
154473,CSCC(=O)NNC(=O)c1ccc(-c2ccc(C)cc2)cc1F,2.92512,2.461231,-0.463889,0.463889,0.215193004321,17.22461087292677,53039,236.78409995045513,ok,
154555,O=C(Nc1ccc(C(F)(F)F)cc1)[C@@H]1Cc2ccccc2O1,3.6476,4.009425,0.36182500000000006,0.36182500000000006,0.13091733062500005,9.450798449789572,53040,236.71800002921373,ok,
154795,CCCc1nc2ccccc2n1[C@@H](C)C(=O)NCCc1ncnn1C,2.0372,1.865772,-0.1714279999999999,0.1714279999999999,0.029387559183999972,8.784485258925757,53037,236.64309998275712,ok,
154994,COC(=O)[C@H]1CN(S(=O)(=O)c2ccccc2F)C[C@@H]1C,1.2553,1.270313,0.015012999999999943,0.015012999999999943,0.0002253901689999983,1.1888598926280427,53042,236.7651999811642,ok,
155101,CCC[NH2+][C@H]1CCCN([C@H](C)CCCO)C1=O,0.1118,0.43667,0.32487,0.32487,0.10554051689999999,118.46409101682863,53042,237.10840003332123,ok,
156197,COc1cccc2c1C[C@@H]1O[C@@H]1C2,1.5612,1.667286,0.10608600000000012,0.10608600000000012,0.011254239396000027,6.57187300796721,53039,237.29009996168315,ok,
156371,Cc1ccc(C)c(Nc2nc(-c3cn(C)nc3C)cs2)c1,4.21246,4.08882,-0.12363999999999997,0.12363999999999997,0.015286849599999992,2.9788177244954985,53042,237.33849998097867,ok,
157163,CCCC[C@@H](C(=O)OC)[C@H](O)c1ccc(O)c(Cl)c1,3.0584,2.897901,-0.16049899999999973,0.16049899999999973,0.025759929000999913,5.38921723398464,53042,237.6446999842301,ok,
157385,O=C(NC1CCN(C(=O)NCc2ccc(F)cc2)CC1)c1ccccc1,2.9297,2.858204,-0.07149599999999978,0.07149599999999978,0.005111678015999968,2.470531646689364,53038,237.73370002163574,ok,
157503,CC1(C)CCC[C@@H]1NC(=O)c1sc2ccccc2c1N,3.792,3.850636,0.058636000000000355,0.058636000000000355,0.0034381804960000417,1.534444398503353,53042,237.60769999353215,ok,
157574,CC[S@@](=O)[C@@H]1CCCC[C@@H]1NC(=O)[C@@H](C)Cc1c(C)n[nH]c1C,2.4011400000000003,2.62002,0.21887999999999952,0.21887999999999952,0.047908454399999786,8.718304136892652,53042,237.48780001187697,ok,
157585,Cc1cc2c(cc1Cl)C=CC1(CC[NH+](CC(=O)N3CCCC3)CC1)O2,2.09392,1.627588,-0.46633199999999975,0.46633199999999975,0.21746553422399975,25.06145358279492,53038,237.49989998759702,ok,
157799,COc1cccc(NC(=S)N2CCC(NC(=O)c3cccc(F)c3)CC2)c1,3.4255,3.533057,0.1075569999999999,0.1075569999999999,0.011568508248999979,3.091359314869445,53042,237.46209999080747,ok,
158267,C[C@@H]1CN(C[C@@H]2CCCN2C(=O)c2cccc(F)c2)C[C@@H](C)O1,2.5395,2.739112,0.19961200000000012,0.19961200000000012,0.03984495054400005,7.56304877115424,53042,237.43119998835027,ok,
158345,O=C(Cn1cnnn1)Nc1ccc(Cl)cn1,0.3602,0.635156,0.27495600000000003,0.27495600000000003,0.07560080193600002,55.24777064688413,53038,237.77180002070963,ok,
158525,C[NH+]1CCC([NH2+]CC(c2ccccc2)c2ccccc2)CC1,1.0590000000000002,0.198486,-0.8605140000000002,0.8605140000000002,0.7404843441960004,136.86259727742498,53042,237.7015000092797,ok,
158572,CC(C)CNC(=O)C(=O)Nc1cccc(CO[C@H]2CCC[C@@H](C)C2)c1,3.4926,3.612452,0.11985200000000029,0.11985200000000029,0.01436450190400007,3.3737121135777834,53041,237.54250002093613,ok,
158983,CC1=NO[C@@H](NS(=O)(=O)c2ccc(NC(=O)CSC3[NH+]=c4ccccc4=[NH+]3)cc2)[C@@H]1C,-2.5973,-2.580323,0.016977000000000242,0.016977000000000242,0.0002882185290000082,0.6557835516413706,53038,237.43950005155057,ok,
159106,CC(C)[C@@H](C)[NH2+][C@@H](c1nc(-c2nc[nH]n2)no1)C(C)C,1.1597,1.071826,-0.08787400000000001,0.08787400000000001,0.007721839876000001,7.875686861815639,53042,237.56039998261258,ok,
161193,Cc1ccc(-n2ncc3c(SCc4cccc(C)c4)ncnc32)cc1,4.72464,4.565187,-0.15945300000000007,0.15945300000000007,0.02542525920900002,3.4328518711920055,53041,237.55429999437183,ok,
161230,Cc1cnc(N2CCCN(C(=O)c3ccoc3)CC2)nc1-c1ncnn1C,1.5260200000000002,1.627588,0.10156799999999988,0.10156799999999988,0.010316058623999976,6.441383964018348,53042,237.27990000043064,ok,
161289,Cc1ccc(OC(=O)Cc2coc3ccc(C)cc23)cc1,4.1977400000000005,3.93003,-0.26771000000000056,0.26771000000000056,0.0716686441000003,6.587538771397335,53042,237.63859999598935,ok,
161317,CCc1ccc(O)c(NC(=O)[C@@H]2CCC[C@@H]([NH3+])C2)c1,1.6938,1.389405,-0.30439499999999997,0.30439499999999997,0.09265631602499998,19.745362374542072,53042,237.5272999634035,ok,
161443,CCCC1=C2[C@H](N=N1)OC(N)=C(C#N)[C@@H]2c1ccc(OC)c(Cn2nc(C)c(Br)c2C)c1,4.97312,4.644581,-0.32853900000000014,0.32853900000000014,0.1079378745210001,6.831965352218791,53041,237.32970003038645,ok,
161495,[NH3+]C[C@H]1C[C@@H]1c1cc(Cl)cs1,1.7469,2.500928,0.7540280000000001,0.7540280000000001,0.5685582247840002,35.50181410358424,53038,237.6574999652803,ok,
161643,C[C@@H]1C[C@H]1c1ccc(CN(Cc2ccco2)C(=O)c2cccc([N+](=O)[O-])c2)o1,4.7468,4.843068,0.09626799999999935,0.09626799999999935,0.009267527823999876,2.00770229579801,53039,237.55840002559125,ok,
161736,CC[C@@H](C)C(=O)NNS(=O)(=O)/C=C/c1ccccc1,1.654,1.706983,0.052983,0.052983,0.002807198289,3.1528276102556902,53042,237.77080001309514,ok,
161795,O=C(NCc1ccc([N+]2=CCCC2)cc1)C(=O)Nc1cccc(Cl)c1,3.1035,3.215479,0.11197900000000027,0.11197900000000027,0.012539296441000061,3.544211810167442,53042,237.80729999998584,ok,
161892,CC(C)CCSc1nnc(-c2ccc[nH]2)o1,3.2029,3.294874,0.091974,0.091974,0.008459216676,2.830938718398024,53042,237.85929998848587,ok,
161925,Cc1c(Cl)cccc1N1C(=O)[C@H]2CCCCN2C(=O)[C@@H]1C,2.76462,2.580323,-0.18429699999999993,0.18429699999999993,0.03396538420899998,6.8961259268807895,53043,237.6380999921821,ok,
161993,C[C@H](Oc1ccc([N+](=O)[O-])cc1)C(=O)N1CCN(c2ccccc2)CC1,2.7109,2.540626,-0.17027400000000004,0.17027400000000004,0.02899323507600001,6.48474367260107,53036,237.44900000747293,ok,
162077,COc1cccc(N2CCN(S(=O)(=O)c3ccc(C#N)cc3)CC2)c1,2.07778,2.262745,0.1849649999999996,0.1849649999999996,0.03421205122499985,8.52270174690848,53037,237.58080002153292,ok,
162129,C[C@H](NC(=O)c1ccc(Cl)nc1)c1nc2ccccc2[nH]1,3.1023,3.136085,0.033784999999999954,0.033784999999999954,0.0011414262249999968,1.083132894170525,53041,237.54489998100325,ok,
162158,N#C/C(C(=O)NCCc1ccccc1)=c1/s/c(=C/c2cccc([N+](=O)[O-])c2)c(=O)n1-c1ccccc1,2.66918,1.905469,-0.7637109999999998,0.7637109999999998,0.5832544915209997,33.38883485924275,53036,237.3168999911286,ok,
162183,O=[N+]([O-])c1c(N2CCC(Cc3ccccc3)CC2)ncnc1N1CCc2ccccc2C1,4.4066,4.08882,-0.31777999999999995,0.31777999999999995,0.10098412839999997,7.481207521229085,53040,237.23179998341948,ok,
162204,COCC1=C(C(=O)OC)[C@@H](c2cccc(C)c2)C(C#N)=C(N)O1,1.8762,1.826075,-0.0501250000000002,0.0501250000000002,0.00251251562500002,2.7077945317406296,53040,237.52319999039173,ok,
162284,Cc1c(NC(=O)c2cc(F)ccc2Br)cccc1[N+](=O)[O-],4.057119999999999,4.168214,0.11109400000000047,0.11109400000000047,0.012341876836000104,2.701264167509805,53039,237.56540002068505,ok,
162340,Cc1[nH]nc2cc([N-]S(=O)(=O)c3ccc(C#N)c(C(F)(F)F)c3)ccc12,4.1559,4.128517,-0.02738299999999949,0.02738299999999949,0.0007498286889999721,0.6610724689498244,53042,237.42869996931404,ok,
162348,Cc1ccc(C(=O)NNC(=O)c2cc3c(s2)CCCCC3)c(=O)[nH]1,2.08852,2.143653,0.0551330000000001,0.0551330000000001,0.003039647689000011,2.6054227934444127,53039,237.62640001950786,ok,
162387,CCN(Cc1cc(=O)c(O)co1)c1ccccc1C,2.68032,2.699415,0.019095000000000084,0.019095000000000084,0.0003646190250000032,0.7098862676321448,53039,237.5950000132434,ok,
162390,N#CCCCOc1cccc(CN2CCN(C(=O)c3ccccc3O)CC2)c1,3.03278,2.977296,-0.05548399999999987,0.05548399999999987,0.0030784742559999854,1.8463660026928068,53042,237.5012999982573,ok,
162473,Cn1nnnc1SCC(=O)Oc1ccc2c(c1)CCC2,1.3965,1.548194,0.151694,0.151694,0.023011069635999998,10.302870179380268,53042,237.58930002804846,ok,
162513,Cc1noc(COCC(=O)N2CCN(Cc3ccc(Cl)cc3)CC2)n1,1.89242,1.389405,-0.503015,0.503015,0.253024090225,30.65459005279075,53042,237.44619998615235,ok,
162520,O=C(c1cccc2c1OCCO2)N1CCCc2cc(OC(F)(F)F)ccc21,3.9494,3.890333,-0.05906699999999976,0.05906699999999976,0.0034889104889999716,1.506862542385047,53038,237.44299996178597,ok,
162814,CCc1cc(C(=O)Nc2ccc(N3CCCC3)nc2)sc1C,3.86642,4.009425,0.14300500000000005,0.14300500000000005,0.020450430025000015,3.631483351945094,53042,237.25619999459013,ok,
163010,O=C(CSc1nnc2c(=O)n(-c3ccc(F)cc3)ccn12)Nc1cccc(F)c1,2.8892,2.778809,-0.11039100000000035,0.11039100000000035,0.012186172881000077,3.895230229874383,53037,236.94929998600855,ok,
163077,Cn1cc(Br)cc1C(=O)NCCCOC[C@@H]1CCCO1,2.1031,1.945166,-0.15793400000000002,0.15793400000000002,0.024943148356000006,7.802550524100937,53038,237.06690000835806,ok,
163121,COc1cccc(/C(C)=C/C(=O)NCc2cn(-c3ccccc3)nn2)c1,2.9956,2.818506,-0.17709399999999986,0.17709399999999986,0.031362284835999954,6.091873797966527,53037,236.9992999592796,ok,
163650,COCc1ccccc1NC[C@@H]1CSc2ccccc21,4.1344,3.771241,-0.36315900000000045,0.36315900000000045,0.13188445928100032,9.187338509299888,53041,237.20180004602298,ok,
166002,CC[C@H](C)c1ccccc1NC(=O)[C@H](C)[NH+]1CCCSCC1,2.5489,2.223047,-0.32585299999999995,0.32585299999999995,0.10618017760899996,13.657025109457415,53038,237.3412000015378,ok,
166168,Cc1sc(NC(=O)C2CCN(C(=O)N3CCCC3)CC2)nc1-c1ccc(OC(F)F)cc1,4.58622,4.644581,0.05836099999999966,0.05836099999999966,0.0034060063209999606,1.2644839814009567,53038,237.20069997943938,ok,
166367,CCNC(=O)c1cccc2c1N[C@H](c1c(O)ccc3ccccc13)[C@@H]1CC=C[C@H]21,5.1216,5.200343,0.07874300000000023,0.07874300000000023,0.006200460049000036,1.5257398728127103,53037,237.08299995632842,ok,
166438,CCCN1CCO[C@@H]([C@H]([NH2+]CC)c2ccccc2C)C1,1.73022,2.024561,0.29434099999999974,0.29434099999999974,0.08663662428099984,15.678198009417844,53041,237.13070002850145,ok,
166583,CC(C)(C)c1ccc([C@H](O)COc2ccc(N)cc2)cc1,3.6787,3.810938,0.13223800000000008,0.13223800000000008,0.01748688864400002,3.531225407689933,53039,237.42329998640344,ok,
166655,O=C(Nc1cc(N2CCCC2=O)ccc1Cl)N1CC[C@@H]([NH+]2CCCC2)C1,1.7517,2.024561,0.2728609999999998,0.2728609999999998,0.07445312532099989,14.451384583851583,53038,237.06019995734096,ok,
166819,O=C(CN1C(=O)S/C(=C\c2ccc(F)cc2)C1=O)Nc1ccccc1C(F)(F)F,4.5195,4.723976,0.20447600000000055,0.20447600000000055,0.04181043457600022,4.424223095294465,53038,237.20059997867793,ok,
166827,CCCCCC1=NN2C(=[NH2+])/C(=C\c3cc(C)n(-c4ccc(F)c(Cl)c4)c3C)C(=O)N=C2S1,4.26644,4.207911,-0.05852900000000005,0.05852900000000005,0.003425643841000006,1.3813211182779672,53040,237.17939999187365,ok,
167011,COc1ccc(C(=O)NCC(=O)Nc2ccccc2)nn1,0.8537,0.635156,-0.21854399999999996,0.21854399999999996,0.04776147993599998,29.35730520614484,53038,237.5334000098519,ok,
167032,C1=CC[C@H](NC2=[NH+]CCC2)CC1,-0.0424,-0.238184,-0.195784,0.195784,0.038331374656000006,139.554643172811,53037,237.82380000920966,ok,
167036,CCC[C@H]1CCCN(c2cccc(F)c2C[NH3+])CC1,2.9742,3.136085,0.16188499999999983,0.16188499999999983,0.026206753224999945,5.298770842931216,53041,237.66270000487566,ok,
167177,COc1cccc(-c2cc3c(c(OC)c2)OCCN(Cc2ccc(OC)cc2F)C3)c1,4.9131,4.763673,-0.1494270000000002,0.1494270000000002,0.02232842832900006,3.088364271849721,53040,237.52550000790507,ok,
167216,O=C(Cc1ccc(F)cc1)N1CCC1,1.6005,1.984864,0.38436399999999993,0.38436399999999993,0.14773568449599994,21.440724010170232,53041,237.62409994378686,ok,
167219,CCOCCN(C)C(=O)C(=O)Nc1c(C)c(C)nn1-c1ccc(C#N)cc1,1.79422,1.667286,-0.12693399999999988,0.12693399999999988,0.01611224035599997,7.334033221378203,53039,237.51820001052693,ok,
167317,COc1ccc([C@@H](C)CCNc2c([N+](=O)[O-])c(C)nn2C)cc1,3.25102,2.739112,-0.511908,0.511908,0.262049800464,17.091710165986328,53039,237.51590005122125,ok,
167416,S=C1OCCN1CN1CCN(c2ccccc2)CC1,1.3832,1.627588,0.24438800000000005,0.24438800000000005,0.05972549454400002,16.234155310835572,53040,237.42959997616708,ok,
167534,CCO[C@H](C)c1nccn1CC(=O)N[C@@H](C)c1ccccc1,2.858,2.739112,-0.1188880000000001,0.1188880000000001,0.014134356544000025,4.248190852711188,53040,237.48169996542856,ok,
167546,CC[C@@H](C(C)C)N1CCC(=O)N2CCCC[C@@H]2C1=O,2.0344,2.024561,-0.009839000000000375,0.009839000000000375,9.680592100000738e-05,0.4848038697588065,53041,237.59969999082386,ok,
167655,Cc1c(NC2=CC(=O)CC(C)(C)C2)c(=O)n(-c2ccccc2)n1C,3.16932,2.897901,-0.27141899999999985,0.27141899999999985,0.07366827356099992,8.947061595415756,53037,237.3471000464633,ok,
167660,C/C=C/c1ccc(OC(=O)[C@@H]2C[C@H]2OCC)c(OC)c1,3.0587,2.858204,-0.20049599999999979,0.20049599999999979,0.040198646015999914,6.77705773154338,53042,237.47640004148707,ok,
167789,CCc1ccc(NC(=O)N2CCN(c3cc(-c4ccc(OC)cc4)ncn3)CC2)cc1,4.0687,3.93003,-0.13866999999999985,0.13866999999999985,0.019229368899999957,3.4673004339438847,53038,237.45590000180528,ok,
167818,CCOc1cc([C@H]2CC(=O)Nc3c2c(C)nn3C)ccc1OC,2.60992,2.262745,-0.347175,0.347175,0.120530480625,14.249902260877777,53041,237.53379995469004,ok,
167835,CCc1cnc(C)nc1N(C)Cc1cnn(C)c1C,2.0257400000000003,1.945166,-0.08057400000000037,0.08057400000000037,0.00649216947600006,4.058217444583194,53039,237.46309999842197,ok,
167925,COc1ccc(Sc2nsc(NC(=O)c3cc(C)no3)n2)cc1,3.24662,3.215479,-0.031140999999999863,0.031140999999999863,0.0009697618809999915,0.963804485199,53039,237.4775999924168,ok,
168106,O=C(Cc1cccc(F)c1F)Nc1cc(Cl)ccc1F,3.9385,3.810938,-0.12756199999999973,0.12756199999999973,0.016272063843999932,3.2921613154399,53042,237.5655000214465,ok,
168312,O[C@@H]1CCCN(c2ccc(-c3nc(COc4ccccc4)no3)c[nH+]2)C1,2.0908,1.706983,-0.3838170000000003,0.3838170000000003,0.14731548948900022,20.212687244110594,53038,237.42560000391677,ok,
168319,O=C(Nc1cccc(C[NH+]2CCCC2)c1)c1n[nH]c2ccccc12,1.9939,2.18335,0.1894499999999999,0.1894499999999999,0.03589130249999996,9.070560775629895,53041,237.48130002059042,ok,
168321,CC(C)=CC[NH+]1CCC(CCC(=O)Nc2ccccc2)CC1,2.6664,2.699415,0.03301500000000024,0.03301500000000024,0.0010899902250000157,1.2305679565918781,53041,237.8379000001587,ok,
168325,CCCc1cnc(N2CCCN(S(=O)(=O)c3ccc(C)cc3)CC2)nc1,2.63852,2.500928,-0.13759200000000016,0.13759200000000016,0.018931558464000044,5.35434933868385,53038,237.2933000442572,ok,
168530,C[NH+](CCCC(=O)Nc1ccc(Cl)c(N)c1)C1CCCC1,2.0982,2.18335,0.08515000000000006,0.08515000000000006,0.00725052250000001,3.9775315014422383,53038,237.40149999503046,ok,
168566,Cc1ccc(NC(=O)CN2CCN(C(=O)C3CCN(C(=O)c4cccs4)CC3)CC2)cc1,2.69162,2.699415,0.007795000000000218,0.007795000000000218,6.07620250000034e-05,0.28918380236819896,53037,237.25130001548678,ok,
168653,O=C(CCc1nc2ccccc2s1)N1CCc2cc([N+](=O)[O-])ccc21,3.7264,3.969728,0.243328,0.243328,0.059208515584,6.323387552805775,53041,237.24040004890412,ok,
168657,O=C(Cc1cccc(F)c1)N[C@H](Cc1cc(=O)[nH]c(C2CCC2)n1)c1ccc(F)cc1,3.9583,3.93003,-0.028270000000000017,0.028270000000000017,0.000799192900000001,0.7167550039108409,53038,237.33329999959096,ok,
168822,CC(C)CC(=O)N[C@H]1C[C@H]2CCCc3cccc1c32,3.7136,3.49336,-0.22024,0.22024,0.048505657599999995,6.111869637128553,53039,237.3372000292875,ok,
171611,C[C@@H](CCl)CS(=O)(=O)N[C@H]1CCc2ccccc2C1,2.3382,2.223047,-0.11515299999999984,0.11515299999999984,0.013260213408999962,5.049189399302421,53042,237.45939997024834,ok,
172271,Cc1cccnc1[C@@H](NC(=O)CCn1cc([N+](=O)[O-])cn1)C(C)C,2.39832,2.580323,0.18200299999999991,0.18200299999999991,0.03312509200899997,7.311349699104753,53042,237.50630003632978,ok,
172417,Cc1ccc(OC(=O)CCc2nc(C(C)(C)C)no2)c(C)c1,3.5221400000000003,3.691847,0.16970699999999983,0.16970699999999983,0.028800465848999944,4.704943327455395,53042,237.6512999762781,ok,
172494,O=C(Nc1cccc2ccccc12)C(=O)N1CC[C@@H]([NH+]2CCCC2)C1,1.0579,0.952735,-0.10516500000000006,0.10516500000000006,0.011059677225000014,10.460874300904942,53038,237.33199998969212,ok,
173134,Cc1cscc1[C@H]([NH3+])[C@H]1CC[C@H](C)[C@H](C)C1,3.41182,3.612452,0.20063200000000014,0.20063200000000014,0.04025319942400006,5.712535049895567,53041,237.45090002194047,ok,
173149,O=C(c1cncc(N[C@@H]2CC[NH2+]C[C@H]2O)n1)N1CCOCC1,-1.9425,-2.143653,-0.20115300000000014,0.20115300000000014,0.04046252940900005,9.84559315326666,53042,237.50720004318282,ok,
173195,COc1ccc(Cc2n[nH]c(/N=C(\[O-])Cn3cnc4ccccc4c3=O)n2)cc1,1.2045,1.389405,0.1849050000000001,0.1849050000000001,0.03418985902500003,14.2568829621748,53038,237.39930003648624,ok,
173314,Cc1c(C(=O)N2CCCCC2)oc2c1/C(=N/NC(=O)c1ccc(Br)cc1)CCC2,4.447019999999998,4.525489,0.0784690000000019,0.0784690000000019,0.006157383961000298,1.7490982734038363,53041,237.2767999768257,ok,
173436,CNS(=O)(=O)c1cc(C(=O)N(C)[C@H](C)c2ccccn2)c(C)o1,1.72432,1.667286,-0.05703400000000003,0.05703400000000003,0.0032528771560000032,3.363244433463086,53040,237.43109998758882,ok,
173871,CCc1nn(C)cc1NC(=O)c1cc(C)cc(Br)c1O,3.01132,2.977296,-0.034024000000000054,0.034024000000000054,0.0011576325760000038,1.136289252808998,53038,237.50280000967905,ok,
173880,Cc1nc2sccn2c1C[NH+]1CCC(CC[NH+](C)C)CC1,0.03372,0.357275,0.32355500000000004,0.32355500000000004,0.10468783802500002,165.50339518408168,53039,237.55089996848255,ok,
174196,CCCc1[nH]nc(C(=O)N[C@H](C)c2c(C)noc2C)c1N,2.0402400000000003,2.143653,0.10341299999999976,0.10341299999999976,0.01069424856899995,4.943386458496895,53042,237.28780000237748,ok,
174330,Cc1ccc(N2C(=O)C[C@H](NCc3cccc(F)c3)C2=O)cc1,2.55582,2.739112,0.1832919999999998,0.1832919999999998,0.03359595726399992,6.9232994871322155,53037,237.49309999402612,ok,
174542,Cc1ccc(N2CC[C@H](Nc3ccccc3CS(C)(=O)=O)C2=O)cc1,2.75702,2.739112,-0.017907999999999813,0.017907999999999813,0.0003206964639999933,0.6516582935053167,53042,237.45779995806515,ok,
174605,CCOC(=O)c1c(-c2ccccc2)n2c3c(cccc13)CC2,4.0411,3.810938,-0.23016199999999998,0.23016199999999998,0.05297454624399999,5.862477996158448,53037,237.2027999954298,ok,
174821,CCc1cccc2sc(N(C[C@@H]3CCCO3)C(=O)c3ccc(C#N)cc3)nc12,4.55618,4.3667,-0.18948000000000054,0.18948000000000054,0.035902670400000204,4.2470592454454295,53040,236.9512000004761,ok,
175121,CN(CC1=NC(=O)[C@@H]2SC=CC2=N1)C(=O)[C@@H]1CC=CCC1,1.8099,2.103956,0.2940560000000001,0.2940560000000001,0.08646893113600006,15.026408738594373,53040,237.23760002758354,ok,
175195,Cc1nccn1-c1ccc(CNC(=O)Nc2ncnn2C)cn1,1.0259200000000002,0.87334,-0.15258000000000016,0.15258000000000016,0.023280656400000047,16.067310426165996,53039,237.1980999596417,ok,
175349,CCc1ccc(C(=O)Oc2cccc(C(C)=O)c2)o1,3.2638,3.175782,-0.08801799999999993,0.08801799999999993,0.007747168323999988,2.7336556938012415,53037,237.273600010667,ok,
175369,CCCCSc1ccccc1,3.5788,3.810938,0.23213799999999996,0.23213799999999996,0.05388805104399998,6.282712594140684,53039,237.70599998533726,ok,
175951,Cc1ccc([N-]S(=O)(=O)N2CCCC[C@@H]2C(=O)[O-])c(C)[nH+]1,-0.02806,-0.079395,-0.05133499999999999,0.05133499999999999,0.002635282224999999,95.5469731515518,53041,237.6776000019163,ok,
176081,Cc1ccc(CCNC(=O)[C@H](C)N2CC[C@]3(CCC2=O)NC(=O)c2cccnc2N3)cc1,2.00152,2.024561,0.023040999999999645,0.023040999999999645,0.0005308876809999837,1.1445870065703918,53040,237.31799999950454,ok,
176211,C[C@H]1CCC[C@@](C[NH3+])([C@]2(O)CCCc3ccccc32)C1,2.6489,2.381836,-0.26706399999999997,0.26706399999999997,0.07132318009599999,10.6172933741703,53039,237.23369999788702,ok,
176265,C[C@H]1Cc2ccccc2N1C(=O)c1ccc2c(=O)n3c(nc2c1)CCCCCC3,4.1044,4.08882,-0.015579999999999927,0.015579999999999927,0.00024273639999999774,0.3803144551226484,53038,237.41229996085167,ok,
178337,COc1ccc(N2CCn3c2nn(CC(=O)Nc2ccc(F)cc2F)c(=O)c3=O)cc1,1.4822,1.706983,0.22478299999999996,0.22478299999999996,0.05052739708899998,14.096588373887606,53038,237.11300001014024,ok,
178385,O[C@H](CCC(F)(F)F)C[C@@H]1CCCc2ccccc21,4.2,4.247608,0.04760799999999943,0.04760799999999943,0.0022665216639999454,1.127135634134525,53042,237.1790999895893,ok,
178583,O=C(CCn1cncn1)NCc1ccccc1Sc1ccccc1,3.1358,3.175782,0.03998199999999974,0.03998199999999974,0.0015985603239999791,1.2669406814329511,53038,237.58700001053512,ok,
179328,CC(=O)[C@]1(O)CC[C@@H]2[C@H]3CC[C@H]4C[C@@H](O)CC[C@]4(C)[C@@H]3C(=O)C[C@@]21C,2.8891,3.294874,0.4057740000000001,0.4057740000000001,0.16465253907600005,13.123405758174277,53042,237.42550000315532,ok,
179383,NC(=O)c1ccccc1[N-]S(=O)(=O)c1ccc(Cl)nc1,2.228,2.342139,0.11413899999999977,0.11413899999999977,0.013027711320999948,4.994990305546495,53039,237.6026000129059,ok,
179759,Cc1cc(S(=O)(=O)[N-]c2ccccc2C(=O)Nc2cccnc2)ccc1F,4.17552,4.168214,-0.007305999999999813,0.007305999999999813,5.337763599999726e-05,0.17512542945400256,53042,237.51090001314878,ok,
180284,CCS(=O)(=O)c1ccc(N2CCC(NC(=O)[C@H](C)CSC)CC2)cc1,2.5643,2.381836,-0.18246399999999996,0.18246399999999996,0.03329311129599999,7.378042172718258,53042,237.48850001720712,ok,
180943,C[S@@](=O)c1ccc(CNC(=O)N2CCN(c3cccc[nH+]3)CC2)cc1,1.2699,1.389405,0.11950499999999997,0.11950499999999997,0.014281445024999994,8.987686632409595,53042,237.43619996821508,ok,
180976,CC[C@@H](NC(=O)Cc1ccc(Cl)cc1)c1c(C)nn(C)c1C,3.50034,3.49336,-0.006979999999999986,0.006979999999999986,4.8720399999999805e-05,0.199608218825514,53038,237.52480000257492,ok,
181150,COc1ccc(OC)c(NC(=O)[C@@H]2CC(=O)n3c(nc4ccccc43)N2)c1,2.5166,2.223047,-0.29355299999999973,0.29355299999999973,0.08617336380899984,12.38712503272922,53041,237.29149997234344,ok,
181693,O=C(N(Cc1ccco1)Cc1ccco1)[C@@]12CNC[C@@H]1C[NH2+]C2,0.1842,-0.793945,-0.978145,0.978145,0.9567676410250001,200.0,53039,237.48589999740943,ok,
181944,CCC(=O)N1CC[C@@H]([NH2+]Cc2c[nH]nc2C)[C@@H](CC)C1,0.81862,1.032129,0.21350900000000006,0.21350900000000006,0.04558609308100003,23.07271272333526,53041,236.2608999828808,ok,
181987,Cc1cc(NC(=O)COC(=O)c2cccc(N(C)C)c2)ccc1Br,3.61902,3.374268,-0.24475200000000008,0.24475200000000008,0.05990354150400004,6.999625927031751,53041,236.72240000450984,ok,
182923,O=C(CS(=O)(=O)c1ccc2ccccc2n1)N1CCCC1,1.6309,1.74668,0.11578,0.11578,0.013405008399999998,6.855796161748944,53042,237.13970003882423,ok,
183058,Cc1cc([C@H](C)[NH2+][C@H](C)c2nc3ccccc3n2C(F)F)c(C)s1,4.4953400000000014,4.565187,0.06984699999999844,0.06984699999999844,0.0048786034089997815,1.5417866973962648,53042,237.2243999852799,ok,
183407,Cc1ccc2c(c1)CCCN2S(C)(=O)=O,1.7072200000000002,1.587891,-0.11932900000000024,0.11932900000000024,0.014239410241000058,7.242790910533833,53039,237.42399999173358,ok,
183744,Cc1ccc(CCC(=O)Nc2ccc3[nH]nnc3c2)o1,2.43062,2.818506,0.3878860000000004,0.3878860000000004,0.1504555489960003,14.779069887063116,53037,237.302900000941,ok,
183783,Cc1ccc(N2C(=O)c3ccc(C(=O)n4ccnc4C)cc3C2=O)cc1,2.98904,2.62002,-0.36902000000000035,0.36902000000000035,0.13617576040000026,13.157997953311265,53038,237.3706999933347,ok,
184141,C[C@H]1Nc2ccccc2C[C@@H]1C(=O)N[C@@H]1CCCC1(C)C,3.3542,3.05669,-0.29750999999999994,0.29750999999999994,0.08851220009999997,9.28139462695507,53042,237.54800000460818,ok,
184275,O=C(N1CCC[C@@H](n2cc[nH+]c2)C1)C1(c2ccccc2)CCOCC1,2.2141,2.064258,-0.14984200000000003,0.14984200000000003,0.02245262496400001,7.0046499147570165,53042,237.42630000924692,ok,
184343,CC[C@H](C)NC(=O)Nc1ccc(Cn2cccn2)cc1,2.8514,2.739112,-0.11228799999999994,0.11228799999999994,0.012608594943999987,4.017091815561792,53038,237.470599997323,ok,
184553,COc1ccc(C(=O)N(C)[C@@H]2CCc3ccccc32)cc1OC(F)F,4.0561,3.771241,-0.284859,0.284859,0.08114464988099998,7.27856369104144,53038,237.38919995957986,ok,
184693,CN(Cc1ccc(Br)o1)C(=O)NC[C@@H]1CCOC1,2.22,2.064258,-0.15574200000000005,0.15574200000000005,0.024255570564000014,7.270430492281279,53037,237.5080999918282,ok,
184694,CC[NH+]1CCN(C(=O)c2oc3c(c2C)[C@H](O)CC(C)(C)C3)CC1,0.95442,0.793945,-0.16047500000000003,0.16047500000000003,0.02575222562500001,18.357150823769636,53037,237.58219997398555,ok,
184712,CCOC(=O)CC[C@@H](C)NC(=O)c1cc2cc(F)ccc2[nH]1,2.7686,2.858204,0.08960400000000002,0.08960400000000002,0.008028876816000003,3.184898567641596,53039,237.37730004359037,ok,
184922,C1=C[C@@H]2C(c3ccccc3)=C[C@@H]3C=C[C@@H]1[C@H]23,3.688,3.413966,-0.27403400000000033,0.27403400000000033,0.07509463315600018,7.717130721267895,53038,237.15380002977327,ok,
184968,COC(=O)[C@H](C)Oc1ccc2c(c1)O/C(=C\c1ccc(Cl)cc1Cl)C2=O,4.5499,4.644581,0.09468099999999957,0.09468099999999957,0.008964491760999919,2.059518095692396,53039,237.13359999237582,ok,
185450,CN(C(=O)CN1C(=O)S/C(=C/c2ccccc2)C1=O)[C@H]1CCS(=O)(=O)C1,1.3684,1.349707,-0.01869300000000007,0.01869300000000007,0.0003494282490000026,1.3754425414452096,53041,237.03979997662827,ok,
185919,Cc1ccsc1[C@H](C)[NH2+][C@@H](C)c1cn(-c2ccccc2)nn1,3.0228200000000003,3.016993,-0.005827000000000471,0.005827000000000471,3.395392900000549e-05,0.19295299374336491,53041,237.07829997874796,ok,
186163,C[C@@H]1CCc2sc(C(=O)NCc3nnc4n3CCC4)cc2C1,2.3406,2.302442,-0.03815799999999969,0.03815799999999969,0.0014560329639999765,1.6436637876633335,53038,237.045300018508,ok,
186486,COC(=O)[C@H](NC(=O)C(=O)c1c(C)nn(-c2ccccc2)c1C)C(C)C,1.98564,2.262745,0.2771049999999997,0.2771049999999997,0.07678718102499985,13.045192467255191,53038,237.35130002023652,ok,
186563,CCC[C@H]1C[NH2+]CCC12CCC(C(C)(C)C)CC2,3.5925,3.572755,-0.0197449999999999,0.0197449999999999,0.0003898650249999961,0.5511318159646768,53038,237.12499998509884,ok,
186907,CC(C)[C@H]1N=N/C(=N\C(=O)Cn2ccc3ccc(Cl)cc32)S1,4.3584,3.93003,-0.4283699999999997,0.4283699999999997,0.18350085689999973,10.336577614819687,53037,236.68249999172986,ok,
186924,C[C@H]1CN(Cc2ccc(C(=O)N(C)C[C@@H](C)c3ccccc3)cc2)C[C@H](C)O1,4.1715,4.08882,-0.08267999999999986,0.08267999999999986,0.006835982399999978,2.0018594921262096,53043,236.50860000634566,ok,
186999,Cc1ccc(C(=O)NCC2CCC(c3nnc(-c4cnccn4)o3)CC2)cn1,2.93382,2.659717,-0.27410299999999976,0.27410299999999976,0.07513245460899987,9.800703919541421,53037,236.47549998713657,ok,
187010,C[C@@H](C(=O)N(C)Cc1cccc(F)c1)[NH+]1CCCSCC1,1.1944,1.429102,0.2347020000000002,0.2347020000000002,0.05508502880400009,17.892267663603853,53038,236.81660002330318,ok,
187035,CNC(=O)[C@@H]1CCCN1C(=O)CNC(=O)Cn1ncc2ccccc21,-0.1105,0.238184,0.348684,0.348684,0.121580531856,200.0,53038,237.15429997537285,ok,
187393,CN(CC(F)(F)F)c1[nH]c2ccc(N)cc2[nH+]1,1.5627,1.429102,-0.13359799999999988,0.13359799999999988,0.01784842560399997,8.930938611579235,53042,237.25079995347187,ok,
187561,COc1cc(CBr)ccc1OC[C@H]1Cc2ccccc2S1,4.6859,4.723976,0.03807600000000022,0.03807600000000022,0.0014497817760000169,0.8092774017425993,53039,237.33639996498823,ok,
187909,Cc1cncc(NC(=O)NNc2nc3ccccc3s2)c1,3.14832,3.453663,0.30534300000000014,0.30534300000000014,0.09323434764900008,9.25003896556535,53041,237.48010001145303,ok,
188240,COC(=O)C1(N(C)C(=O)c2ccc(N)c([N+](=O)[O-])c2)CCCCC1,2.1249,2.103956,-0.02094399999999963,0.02094399999999963,0.00043865113599998447,0.9905279347416714,53038,237.5709000043571,ok,
188439,C[S@@+](CC(=O)c1cccc([N+](=O)[O-])c1)c1ccccc1,3.0847,2.897901,-0.18679900000000016,0.18679900000000016,0.03489386640100006,6.244742044471966,53039,237.3978999676183,ok,
188730,Cc1ccsc1CN(Cc1nnc(-c2ccc(C)n2C)o1)C1CC1,3.91804,3.850636,-0.0674039999999998,0.0674039999999998,0.004543299215999973,1.7352763842899304,53038,237.23849997622892,ok,
188770,Cc1ccc(-c2ocnc2C(=O)Nc2cc(Cl)c(Cl)cn2)cc1,4.60412,4.644581,0.040460999999999636,0.040460999999999636,0.0016370925209999705,0.8749553045341099,53038,237.40079998970032,ok,
188869,CC(C)C(=O)N1CCN(C(=O)COc2ccc(C(=O)c3ccccc3)cc2)CC1,2.6232,2.421534,-0.20166600000000034,0.20166600000000034,0.04066917555600014,7.995109355617178,53041,237.38419997971505,ok,
189132,O=S(=O)([N-]c1cccc(OCc2cccnc2)c1)c1ccc(F)cc1F,4.3329,4.446095,0.11319499999999927,0.11319499999999927,0.012813108024999834,2.5787689820987314,53043,237.50980000477284,ok,
189302,Cc1ccnc(NC(=O)C[NH+](C)Cc2cc(C)n(C3CC3)c2C)c1,1.79666,1.667286,-0.12937399999999988,0.12937399999999988,0.01673763187599997,7.469746930235049,53038,237.54170001484454,ok,
189583,Cc1ccc(O[C@H](C)CNC(=O)N2CCC([NH+]3CCCC3)CC2)cc1,1.61502,1.429102,-0.1859179999999998,0.1859179999999998,0.03456550272399993,12.21488494876354,53037,240.87639997014776,ok,
189871,C[C@H](CC(=O)Oc1ccc(S(=O)(=O)N(C)C)cc1)c1ccccc1,3.0361,3.05669,0.02059000000000033,0.02059000000000033,0.0004239481000000136,0.6758808362014883,53041,235.8758000191301,ok,
189883,O=C(NC[C@@H](C(=O)N1CCOCC1)c1ccccc1)[C@@H](O)c1ccccc1,1.4788,0.992432,-0.4863679999999999,0.4863679999999999,0.2365538314239999,39.36239090461762,53037,236.48349998984486,ok,
189936,C[NH2+][C@@H](C)c1c(F)cccc1OCCOC(C)C,1.8837,1.865772,-0.017927999999999944,0.017927999999999944,0.000321413183999998,0.9562946462861941,53042,237.01580002671108,ok,
190257,CCOC(=O)[C@H](Cc1ccccc1)c1ncnn1CC,2.1874,1.945166,-0.24223399999999984,0.24223399999999984,0.05867731075599992,11.723176350964502,53037,237.12999996496364,ok,
190314,CCN(c1cccc(C)c1)c1nc(OCC(=O)[O-])cc(-c2ccc(C)cc2)n1,3.04714,2.897901,-0.14923900000000012,0.14923900000000012,0.022272279121000035,5.020621388481597,53041,237.1541999746114,ok,
190556,Cc1nnc(CN(C)C(=O)N[C@@H]2CCN(c3cccc(Cl)c3)C2)n1C,2.19722,2.143653,-0.05356700000000014,0.05356700000000014,0.0028694234890000152,2.468028896491565,53037,237.40090004866943,ok,
190631,COc1ccc(N2C(=O)NC(=O)/C(=C/Nc3ccc(F)cc3)C2=O)cc1,2.4131,2.659717,0.2466170000000001,0.2466170000000001,0.060819944689000045,9.723078912564757,53037,237.46919998666272,ok,
190687,CC(C)[C@@H](C#N)OC(=O)CCNC(=O)NC12CC3CC(CC(C3)C1)C2,2.73588,2.858204,0.12232400000000032,0.12232400000000032,0.014963160976000079,4.37333440112806,53043,237.31630004476756,ok,
190748,CCCC(=O)Nc1ccc(NC(=O)c2ccccc2)c(C)c1,3.98592,4.08882,0.10289999999999999,0.10289999999999999,0.010588409999999998,2.548688874192853,53042,237.4763999832794,ok,
191041,N#Cc1ccc(-c2ccc(/C=C3\C(=O)NC(=O)N(c4cccc(Cl)c4)C3=O)o2)cc1,4.13808,3.93003,-0.2080500000000005,0.2080500000000005,0.04328480250000021,5.157341682252732,53037,237.4536999850534,ok,
191045,Cc1noc(C)c1C[C@H](C)Nc1nc(C(F)(F)F)ccc1C#N,3.62002,3.413966,-0.20605399999999996,0.20605399999999996,0.04245825091599998,5.858811774717776,53041,237.43150004884228,ok,
191054,C=CCNC(=O)N1CCN(c2nc3ccc(OCC)cc3s2)CC1,2.7126,2.659717,-0.05288300000000001,0.05288300000000001,0.002796611689000001,1.9687222477750292,53039,237.57500003557652,ok,
191269,COc1ccc(CN2CCN(C(=O)c3cc(Cl)cn3C)CC2)cc1,2.6451,2.540626,-0.10447399999999973,0.10447399999999973,0.010914816675999944,4.029291173502022,53038,237.59099998278543,ok,
191331,CCCN(CCc1ccccn1)C(=O)Nc1cccc(F)c1C,4.01572,4.009425,-0.0062949999999997175,0.0062949999999997175,3.962702499999644e-05,0.15688190057624424,53042,237.4676000326872,ok,
191554,Cc1nnc(Sc2ccc(N)cc2C#N)n1N,0.9054,0.793945,-0.11145499999999997,0.11145499999999997,0.012422217024999993,13.117407000932708,53038,237.63739998685196,ok,
191806,C[C@H]1SCCC[C@@]1(C[NH3+])N1CC[NH+](CC2CC2)CC1,-0.5069,0.396973,0.903873,0.903873,0.816986400129,200.00000000000003,53042,237.7639000187628,ok,
192402,CCOc1ccc(C(=O)NC(=S)Nc2cc(Cl)c(Cl)cc2Cl)cc1,5.1723,4.644581,-0.5277190000000003,0.5277190000000003,0.2784873429610003,10.751255923342667,53039,237.37260000780225,ok,
192638,O[C@@H](c1ccc(Cl)cc1F)c1cscc1Br,4.3848,4.207911,-0.17688900000000007,0.17688900000000007,0.031289718321000026,4.117187229967354,53039,237.6710000098683,ok,
192764,Cc1cc(C(=O)Nc2ccccc2N2C[C@H](C)O[C@@H](C)C2)nn1C,2.59442,2.659717,0.06529700000000016,0.06529700000000016,0.004263698209000021,2.4855461515373567,53038,237.5766999903135,ok,
193085,COc1cc(C[C@H](C)[NH3+])c(OC)cc1I,1.4813,1.468799,-0.012501000000000095,0.012501000000000095,0.00015627500100000237,0.8474969823046682,53039,237.6759999897331,ok,
193190,C[C@H]1Cc2ccccc2N1C(=O)COC(=O)CSc1ncnc2sccc12,3.3044,3.255177,-0.04922299999999957,0.04922299999999957,0.0024229037289999577,1.500797993529143,53041,237.7007000031881,ok,
193458,COC(=O)c1[nH]c(C)cc1NC(=O)N1CC[C@@H](C)[C@H](O)C1,1.3443200000000002,1.548194,0.2038739999999999,0.2038739999999999,0.04156460787599996,14.09666470067214,53042,237.78199998196214,ok,
193510,O=C([C@H]1CCCc2cccnc21)[C@@H]1C[NH+]2CCN1CC2,-0.3467,-0.277881,0.06881900000000002,0.06881900000000002,0.0047360547610000026,22.036853506590823,53042,237.77000000700355,ok,
193608,CCc1cccc(NC(=O)CNC(=O)NCc2ncn(C)n2)c1,0.8154,0.754248,-0.061151999999999984,0.061151999999999984,0.003739567103999998,7.791810647992414,53042,237.70699999295175,ok,
193639,COC(=O)[C@@H](NC(=O)C1=CCCCO1)c1ccc(F)c(F)c1,1.9894,2.103956,0.1145560000000001,0.1145560000000001,0.013123077136000024,5.597167702980152,53042,237.6518999808468,ok,
193761,Cc1ccc(C(=O)NNc2ncnc(N3CCc4ccccc4C3)c2[N+](=O)[O-])cc1,3.01282,3.016993,0.00417299999999976,0.00417299999999976,1.7413928999998e-05,0.1384122525856029,53042,237.57980001391843,ok,
193813,O=C(CSCC(F)(F)F)N[C@@H]1CS(=O)(=O)c2ccccc21,1.9267,2.143653,0.21695299999999995,0.21695299999999995,0.04706860420899998,10.660156502396719,53041,237.42160003166646,ok,
194051,Cc1ccc(NC(=O)CCNC(=O)N[C@@H]2C[C@@H]2C2CCCCC2)nc1,2.9866200000000003,2.897901,-0.08871900000000021,0.08871900000000021,0.007871060961000037,3.015334638112438,53041,237.5338000128977,ok,
194445,CCN(CC)C(=O)c1cn(-c2ccccc2)nc1-c1cccs1,4.0828,3.969728,-0.11307199999999984,0.11307199999999984,0.012785277183999964,2.808360306229295,53040,237.50659998040646,ok,
194496,Cc1cc2n(n1)C[C@H](C[NH2+]Cc1nncn1C)CN2,-0.8746799999999999,-0.833643,0.04103699999999988,0.04103699999999988,0.00168403536899999,4.804360767840727,53043,237.79929999727756,ok,
194541,Cc1noc(C)c1CCCNC(=O)c1cc(Br)cn1C,2.75504,2.461231,-0.293809,0.293809,0.08632372848099999,11.265097231336329,53043,237.8084000083618,ok,
194619,COc1cccc(-c2nc(CSc3nc(C)cc(N)n3)cs2)c1OC,3.80022,3.93003,0.12980999999999998,0.12980999999999998,0.016850636099999997,3.358494227224216,53037,237.4071999802254,ok,
194728,Nc1nc(NCCCc2nc3c(s2)CCCC3)cc(-n2cccn2)n1,2.6245,2.659717,0.035217000000000276,0.035217000000000276,0.0012402370890000195,1.332912709678663,53039,237.3358000186272,ok,
196947,O=C(Nc1ccc(C2[NH+]=c3ccccc3=[NH+]2)cc1)[C@@H]1CCC[NH+]1Cc1ccccn1,-2.6196,-2.381836,0.2377640000000003,0.2377640000000003,0.05653171969600015,9.507829351410287,53042,237.43159999139607,ok,
197063,C[NH+]1CCCC[C@@H]1c1ncc2c(n1)CCN(Cc1ccc3c(c1)CC(C)(C)O3)C2,2.4881,2.739112,0.2510119999999998,0.2510119999999998,0.06300702414399989,9.604048965299276,53041,237.31220001354814,ok,
197106,CS[C@H](C)C(=O)N[C@H]1CC(C)(C)Cc2oc(C)cc21,3.4692199999999995,3.731544,0.26232400000000045,0.26232400000000045,0.06881388097600023,7.286004651728635,53043,237.4466999899596,ok,
197572,Cn1cc(CNC(=O)NC[C@](C)(O)c2ccsc2)cn1,1.1885,1.270313,0.08181300000000014,0.08181300000000014,0.006693366969000022,6.65467443030439,53037,237.21470002783462,ok,
198352,C[C@H](C[NH+]1CCCCC1)[N-]S(=O)(=O)c1[nH+]cn(C)c1Cl,0.0123,0.079395,0.06709499999999999,0.06709499999999999,0.004501739024999998,146.3438573531817,53041,237.6071999897249,ok,
200767,Cc1cc(C)c(NC(=O)NCc2ccnc(OC(C)(C)C)c2)c(Cl)n1,4.24584,4.168214,-0.07762600000000042,0.07762600000000042,0.006025795876000065,1.8451509819166936,53046,237.72749997442588,ok,
202113,C[C@@H](NC(=O)C1CCN(c2ccc(N3CCCC3)nn2)CC1)c1ccccc1,3.1706,3.175782,0.00518200000000002,0.00518200000000002,2.6853124000000208e-05,0.1633056440661788,53042,237.24509996827692,ok,
202470,Cc1ccc(S(=O)(=O)N(C)C)cc1NC(=O)/C=C/c1cc(Br)ccc1F,3.79882,3.850636,0.051816000000000084,0.051816000000000084,0.0026848978560000086,1.3547630053692727,53041,237.49069997575134,ok,
202541,Cc1ccc(NC(=O)NC(=O)COc2ccc3c4c(c(=O)oc3c2)CCC4)c(C)c1,3.62564,3.413966,-0.21167400000000036,0.21167400000000036,0.04480588227600015,6.0138024770136385,53037,237.40809998707846,ok,
202818,Cc1ncsc1CC[NH+](C)Cc1ccc(N(C)C)[nH+]c1,0.58902,0.555762,-0.03325800000000001,0.03325800000000001,0.0011060945640000007,5.8103638946105045,53039,237.63130005681887,ok,
202937,Cc1c(C)n2c3c(=O)n(C)c(=O)n(C)c3nc2n1CC[NH+]1C[C@@H](C)C[C@@H](C)C1,-0.13596,-0.119092,0.016867999999999994,0.016867999999999994,0.0002845294239999998,13.227106629236387,53038,237.5210999744013,ok,
202995,Cc1cc(C)n(-c2ccc(CNC(=O)N[C@@H](C)C3CC3)cn2)n1,2.48184,2.421534,-0.06030600000000019,0.06030600000000019,0.003636813636000023,2.459775656517337,53038,237.44500003522262,ok,
208611,C=C1CC[C@@H]2[C@@](C)(CC[C@@H](O)[C@]2(C)CO)[C@H]1C/C=C1\C(=O)OC[C@H]1O,1.9626,1.905469,-0.05713099999999982,0.05713099999999982,0.0032639511609999796,2.953980396937067,53038,237.27689997758716,ok,
208882,Cc1cc(NC(=O)N(C)[C@@H](C)c2cccc(O)c2)ccc1N1CCSCC1,4.47872,3.969728,-0.5089920000000001,0.5089920000000001,0.2590728560640001,12.049361018733858,53041,237.45100002270192,ok,
208912,CCOC(=O)C1=C(N)Oc2[nH]nc(C)c2[C@@H]1c1ccc([N+](=O)[O-])o1,1.47702,1.667286,0.19026600000000005,0.19026600000000005,0.03620115075600002,12.102257223056537,53041,237.52670001704246,ok,
209407,Cc1c(Cl)cccc1N1C(N)=C(C#N)[C@@H](c2ccccc2)C2=C1CCCC2=O,4.9532,4.882765,-0.0704349999999998,0.0704349999999998,0.004961089224999972,1.4321929775065243,53038,237.56599996704608,ok,
209427,COc1ccc2c(c1)c(C[C@H](C)NC(=O)c1ccc(C(F)(F)F)nc1C)cn2C,4.27012,4.08882,-0.18130000000000024,0.18130000000000024,0.03286969000000008,4.337870591247221,53038,237.38790000788867,ok,
209444,Clc1ccc(C[NH2+][C@H]2CCOC3(CCSCC3)C2)s1,2.9097,2.937598,0.02789799999999998,0.02789799999999998,0.0007782984039999988,0.9542185125505824,53042,237.46109998319298,ok,
209551,CCOc1ccc(/C=C/C(=O)NCC(C)(C)O)cc1OC,1.9942,2.143653,0.14945300000000006,0.14945300000000006,0.022336199209000016,7.2236978935694465,53042,237.5461999909021,ok,
209954,O=C([O-])c1cc(F)c(F)cc1NS(=O)(=O)c1ccc2c(c1)CCC2,1.6178,1.032129,-0.5856709999999998,0.5856709999999998,0.3430105202409998,44.20276920626928,53039,237.61630000080913,ok,
210077,Cc1ccc(CN(C)C(=O)c2cccc(CN3C(=O)CSC3=O)c2)o1,3.05562,3.255177,0.19955700000000043,0.19955700000000043,0.039822996249000174,6.324304204365959,53042,237.60729999048635,ok,
210099,CNC(=O)c1ccc(NC(=O)CC2(CC(=O)[O-])CCCCC2)cc1Cl,2.1187,1.706983,-0.4117170000000001,0.4117170000000001,0.16951088808900008,21.523842932098667,53039,237.6315000001341,ok,
210161,Oc1ccc(CNc2nccs2)c(O)c1,2.1664,2.103956,-0.06244399999999972,0.06244399999999972,0.0038992531359999653,2.92453369227295,53038,237.32569999992847,ok,
210286,CCO[C@@H]1C[C@@H]([NH+](C)Cc2cn(C)nc2-c2cccnc2)C12CCCCC2,2.6247,2.62002,-0.0046800000000000175,0.0046800000000000175,2.1902400000000165e-05,0.1784651992861399,53038,237.39490000298247,ok,
210372,Cc1ccc(-c2noc([C@@H](C)Sc3nccn3C)n2)cc1F,3.77092,3.771241,0.0003210000000000157,0.0003210000000000157,1.0304100000001009e-07,0.008512149236804033,53038,237.10840003332123,ok,
210587,c1cc(OCCn2cc[nH+]c2)cc(-n2ccnc2)c1,1.5669,1.548194,-0.01870599999999989,0.01870599999999989,0.00034991443599999587,1.2009910455350554,53039,237.38970002159476,ok,
210606,C#CCN1C(=O)S/C(=C/c2cc(Cl)c(OCc3ccccc3F)c(OC)c2)C1=O,4.7362,4.684278,-0.051922000000000246,0.051922000000000246,0.0026958940840000256,1.102321984086163,53041,237.16940003214404,ok,
210627,CC(=O)N1CCN(C2=NC(=O)/C(=C\c3cccc([N+](=O)[O-])c3)S2)CC1,1.7292,1.945166,0.21596599999999988,0.21596599999999988,0.046641313155999946,11.755279686345883,53042,237.1659999480471,ok,
210654,CCO[C@@H](C)c1nc(C(=O)N2CCC[C@@H](c3ccn[nH]3)C2)cs1,2.9835,2.858204,-0.12529599999999963,0.12529599999999963,0.015699087615999908,4.289707249802442,53041,237.1663999510929,ok,
210718,Cc1ccsc1CNC(=O)CSc1nnc(C2CC2)n1C1CC1,3.2688200000000003,3.413966,0.14514599999999955,0.14514599999999955,0.021067361315999872,4.343876939946889,53036,237.21230000955984,ok,
210833,CCc1nn(C)cc1NC(=O)[C@@H](C)Sc1ccc(Cl)cc1,3.7552,4.009425,0.25422500000000037,0.25422500000000037,0.0646303506250002,6.5482879083020835,53037,237.3978000250645,ok,
210880,S=C1N(CN2CCOCC2)N[C@H](c2c[nH]c3ccccc23)N1c1ccc(Cl)cc1,3.7213,3.691847,-0.02945299999999973,0.02945299999999973,0.0008674792089999841,0.7946152963107228,53040,237.1619999757968,ok,
210899,C[C@@H](NC(=O)[C@@H]1Cc2ccccc2O1)c1ccccc1,2.8675,2.659717,-0.20778300000000005,0.20778300000000005,0.04317377508900002,7.518539619486625,53041,237.34809999587014,ok,
210963,C[S@](=O)Cc1cccc(C(=O)NCc2nccn2Cc2ccccc2)c1,2.7399,2.659717,-0.0801829999999999,0.0801829999999999,0.006429313488999983,2.9699513872928356,53042,237.50510002719238,ok,
211423,CCNC(=O)c1ccc(C)c(NS(=O)(=O)c2ccc3c(c2)CCC3)c1,3.03422,3.255177,0.2209570000000003,0.2209570000000003,0.04882199584900013,7.026333367093866,53040,237.5469999969937,ok,
213023,C[NH+](CC(=O)NC(C)(C)C)C[C@H](O)CN1CCOCC1,-1.8911,-1.945166,-0.05406599999999995,0.05406599999999995,0.0029231323559999944,2.818678371103565,53041,237.87139996420592,ok,
215659,CC(=O)c1ccc(NC(=O)C(=O)NCCc2csc3ccccc23)cc1,3.4013,3.175782,-0.2255180000000001,0.2255180000000001,0.05085836832400005,6.857691602446194,53040,237.5375999836251,ok,
215901,C[C@H](c1ccccc1)N1CC[C@H]([NH+]2CCC(NC(=O)NC3CCCCC3)CC2)C1,2.5011,2.342139,-0.15896100000000013,0.15896100000000013,0.02526859952100004,6.5642434742534945,53037,237.40740003995597,ok,
216072,N#C[C@H]1CN(C(=O)CNc2ccccc2)CCO1,0.8494799999999999,0.793945,-0.05553499999999989,0.05553499999999989,0.0030841362249999877,6.758446536957865,53040,237.59450000943616,ok,
217816,O=C(C[S@](=O)C/C=C/c1ccccc1)NNC(=O)c1ccc(F)cc1,2.0488,2.064258,0.015458000000000194,0.015458000000000194,0.000238949764000006,0.7516548514511681,53041,237.52439999952912,ok,
218130,Cc1nn(CCC(=O)N2CCOC[C@H]2C2CC2)c(C)c1[N+](=O)[O-],1.43564,1.429102,-0.006537999999999933,0.006537999999999933,4.274544399999912e-05,0.45644599059879964,53041,237.34049999620765,ok,
218264,CC1CCN(c2ccc([C@H](C)NC(=O)[C@H]3CCCN(S(C)(=O)=O)C3)cc2)CC1,2.7717,2.778809,0.00710899999999981,0.00710899999999981,5.05378809999973e-05,0.25615668761188604,53038,237.44279996026307,ok,
220495,C#Cc1cc(F)c(NC(=O)c2ccc(F)c(F)c2F)c(F)c1,3.6157,3.652149,0.036449000000000176,0.036449000000000176,0.0013285296010000127,1.0030202883962003,53042,237.47210000874475,ok,
220586,COC(=O)CN1C(=O)C[C@@H](C(N)=O)S/C1=N\c1ccccc1,0.6665,0.674854,0.008353999999999973,0.008353999999999973,6.978931599999954e-05,1.2456070507859929,53042,237.66829998930916,ok,
220769,Cc1ccccc1COc1cccc(NC(=O)N2CC[C@@H](C)[C@@H](O)C2)c1,3.80862,3.691847,-0.1167729999999998,0.1167729999999998,0.013635933528999953,3.1137527836599985,53042,237.5027000089176,ok,
220952,CCN(CC)S(=O)(=O)c1cccc(C(=O)N2CCO[C@@H]3CCCC[C@@H]32)c1,2.5007,2.580323,0.07962299999999978,0.07962299999999978,0.0063398221289999645,3.134132634313987,53042,237.58180002914742,ok,
222836,C[C@H](c1ccc2ccccc2c1)N(C(=O)c1cn2cccnc2n1)C1CC1,4.2483,4.009425,-0.23887500000000017,0.23887500000000017,0.05706126562500008,5.785491766800182,53041,237.31060000136495,ok,
222906,C[C@@H]([C@@H](C)C(=O)NN)[NH+]1CCC[C@@H]1CCCO,-1.1793,-1.31001,-0.13070999999999988,0.13070999999999988,0.01708510409999997,10.501705291827847,53042,237.94630001066253,ok,
223071,C[NH+](CCC(=O)Nc1ccc(N2CCCC2=O)cc1)C[C@H]1CCCO1,0.8357,0.793945,-0.04175499999999999,0.04175499999999999,0.001743480024999999,5.124428940045223,53038,237.40290000569075,ok,
223138,COCCn1ccc2ccc(NC(=O)C3CCCC3)cc21,3.4164,3.374268,-0.04213200000000006,0.04213200000000006,0.001775105424000005,1.2408793950757144,53039,237.73570003686473,ok,
223351,O=C(Nc1ccc(C[NH+]2CCCC2)cc1)c1ccccc1O,1.8232,1.826075,0.002874999999999961,0.002874999999999961,8.265624999999776e-06,0.15756554384089777,53039,237.39050002768636,ok,
223546,C[C@H](NC(=O)Cc1cc(F)ccc1F)C(C)(C)C,3.0581,2.818506,-0.23959399999999986,0.23959399999999986,0.05740528483599994,8.154162453633946,53038,237.59839998092502,ok,
223584,CC[C@@H](O)CN(CCn1c(=O)oc2cccnc21)c1ccccc1,2.267,2.064258,-0.20274199999999976,0.20274199999999976,0.0411043185639999,9.361806662175274,53038,237.40720003843307,ok,
223650,C#Cc1c(C#N)ncn1[C@H]1O[C@H](CO)[C@@H](O)[C@H]1O,-1.65242,-1.548194,0.10422599999999993,0.10422599999999993,0.010863059075999985,6.512875342043741,53039,237.79750004177913,ok,
223728,Cc1nnc(C[NH+](C)[C@@H](C)c2ccccc2)o1,1.15392,1.270313,0.11639299999999997,0.11639299999999997,0.013547330448999993,9.602459829562585,53038,237.76200000429526,ok,
223791,COc1cc(CN2C[C@H]3CCC[NH+]3C[C@H]2C)ccc1OC(C)C,1.7338,1.389405,-0.344395,0.344395,0.11860791602500001,22.053947787609204,53038,237.92919999687,ok,
223967,O=C(NCCc1ccccc1)N1CCC[C@H]1C[C@@H](O)c1ccccc1,3.5268,3.612452,0.08565200000000006,0.08565200000000006,0.007336265104000011,2.399467059014027,53042,237.4335000058636,ok,
224008,C[C@H](c1ccc(Br)cc1)N1C[C@@]23C=C[C@@H](O2)[C@H](C(=O)OCc2ccccc2)[C@H]3C1=O,4.0355,4.207911,0.17241100000000031,0.17241100000000031,0.02972555292100011,4.183001429869269,53038,237.47749999165535,ok,
224159,CCOc1ccc(N2C(=O)NC(=O)/C(=C\c3ccccc3)C2=O)cc1,2.7517,2.937598,0.1858979999999999,0.1858979999999999,0.034558066403999964,6.535006603626665,53041,237.30739997699857,ok,
224343,CCCc1cc(C(=O)NCc2cccc(-n3cccn3)c2)n(C)n1,2.4883,2.421534,-0.06676600000000033,0.06676600000000033,0.004457698756000043,2.7196846166285997,53042,237.57040000054985,ok,
224344,Cc1nc(SCC(=O)Nc2ccccc2C)c2oc3ccccc3c2n1,4.7236400000000005,4.485792,-0.2378480000000005,0.2378480000000005,0.05657167110400024,5.165313126803054,53037,237.3952999478206,ok,
224378,CCN[C@@]1(C(N)=O)CCC[C@H]([NH+]2CC[C@H](N(C)C)C2)C1,-1.0186,-0.833643,0.18495699999999993,0.18495699999999993,0.03420909184899997,19.97113769629578,53039,237.8745000460185,ok,
224579,COCc1cc(N2CCNC(=O)[C@H]2C(C)C)n2ncnc2n1,0.2315,0.555762,0.32426199999999994,0.32426199999999994,0.10514584464399997,82.37715017363976,53036,237.61310003465042,ok,
224587,[NH3+]Cc1nc2ccc(Cl)cc2[nH]1,0.9582,1.111524,0.1533239999999999,0.1533239999999999,0.02350824897599997,14.815888495277623,53042,237.65610001282766,ok,
224656,C[C@H](NC(=O)CN1C(=O)N[C@](C)(c2ccc(Cl)cc2)C1=O)c1ccccc1,2.9844,2.937598,-0.04680200000000001,0.04680200000000001,0.002190427204000001,1.580615191021679,53038,237.6624000025913,ok,
224788,O=C(CSc1nnc(-c2ccccn2)n1-c1ccc(Cl)cc1)Nc1cccc(C(F)(F)F)c1,5.7323,5.716408,-0.015892000000000017,0.015892000000000017,0.00025255566400000056,0.27762084595047787,53037,237.40599997108802,ok,
224936,Cc1ccc(NC(=O)CNc2cccc3c2OCCO3)cc1Cl,3.47022,3.572755,0.10253500000000004,0.10253500000000004,0.01051342622500001,2.9116956967758663,53036,237.59819997940212,ok,
225007,O=C(C[NH+]1CCCC[C@H]1CCO)Nc1cc(C(F)(F)F)ccc1Cl,2.1171,2.421534,0.30443399999999965,0.30443399999999965,0.09268006035599978,13.415225814639367,53038,237.5328000052832,ok,
225225,O=Cc1ccc(=O)n(Cc2ccc(Cl)c(Cl)c2)c1,3.0159,3.136085,0.12018500000000021,0.12018500000000021,0.01444443422500005,3.907194182040438,53038,237.7684999955818,ok,
225573,C[C@H](N[C@@H]1CC[C@H]([NH3+])C1)c1ccc(C#N)cc1,1.37188,1.389405,0.017525000000000013,0.017525000000000013,0.00030712562500000043,1.2693365588847232,53037,237.90310003096238,ok,
225664,C[C@H](c1cccs1)N(C)C(=O)Cn1cccn1,2.1642,2.302442,0.13824199999999998,0.13824199999999998,0.019110850563999995,6.189974481948631,53040,237.47649998404086,ok,
225738,Cc1nn(C)cc1[C@@H](C)NC(=O)N1CCN(Cc2ccccc2)C[C@@H]1C,2.70542,2.699415,-0.006005000000000038,0.006005000000000038,3.606002500000046e-05,0.22220844854653427,53040,237.18180001014844,ok,
225850,Cc1nn(C)c(C)c1[C@@H](C(=O)[O-])[NH+]1CCN(c2ccccc2F)CC1,-0.6278600000000001,-0.635156,-0.007295999999999969,0.007295999999999969,5.323161599999955e-05,1.1553297820455115,53041,235.8114000526257,ok,
225892,COC(=O)c1ccc(C(=O)NCC(C)(C)C(N)=O)cc1,0.7145,0.595459,-0.11904100000000006,0.11904100000000006,0.014170759681000015,18.174767301877395,53044,236.40379996504635,ok,
226046,CC[NH+](CC)C[C@H]1CCN(CC(=O)Nc2ccc(F)cc2Cl)C1,1.6642,1.74668,0.08248000000000011,0.08248000000000011,0.006802950400000018,4.836288582418621,53040,236.87859997153282,ok,
226188,COCCN(Cc1cc2ccc(C)c(C)c2nc1Cl)C(=O)C1CC1,3.89004,3.890333,0.00029300000000009874,0.00029300000000009874,8.584900000005787e-08,0.007531772576972819,53038,237.32839996227995,ok,
226198,NC(=O)c1ccc(OCC(=O)NCC2(c3ccccc3)CCC2)cc1,2.4024,2.500928,0.09852799999999995,0.09852799999999995,0.00970776678399999,4.018821502457104,53041,237.3531000339426,ok,
226241,C[C@H]1CN(c2ccc(NC(=O)N3CC[C@@H](C)[C@H](O)C3)cc2F)C[C@@H](C)O1,2.6739,2.580323,-0.09357700000000024,0.09357700000000024,0.008756654929000046,3.5619729120747348,53041,237.44340002303943,ok,
226355,CC(=O)Nc1ccc(C)c(NC(=O)NCc2ccccc2-n2cccn2)c1,3.46082,3.255177,-0.2056429999999998,0.2056429999999998,0.04228904344899992,6.123975338285583,53042,237.5571000156924,ok,
226643,O=C(COc1ccc(Br)cc1)N[C@H](C[NH+]1CCCC1)c1ccccc1,2.3641,2.421534,0.05743399999999976,0.05743399999999976,0.0032986643559999728,2.4002671328396517,53039,237.6333000138402,ok,
226875,N#Cc1c(N/C=C(/C=O)c2nc3ccccc3o2)sc2c1CCCC2,4.29168,4.327003,0.03532299999999999,0.03532299999999999,0.0012477143289999996,0.8196843995770581,53038,237.50550003023818,ok,
227350,Cc1cc(NC(=O)c2ccncc2)n(-c2ccccc2F)n1,2.96712,3.334571,0.36745099999999997,0.36745099999999997,0.13502023740099997,11.661980887352298,53041,237.54750000080094,ok,
227366,CNC(=O)c1ccc(CS(=O)(=O)[C@@H](C)C(=O)N(C(C)C)C(C)C)cc1,1.9949,1.468799,-0.5261009999999999,0.5261009999999999,0.27678226220099994,30.37798607788956,53042,237.71519999718294,ok,
227762,O=c1c(C[NH+]2CCC[C@@H]2CO)coc2ccc(Cl)cc12,0.986,1.071826,0.08582599999999996,0.08582599999999996,0.007366102275999993,8.341424396426127,53038,237.52869997406378,ok,
227833,COC(=O)[C@@H]1c2ccsc2CCN1C(=O)c1cc(-c2ccco2)n[nH]1,2.6438,2.977296,0.3334959999999998,0.3334959999999998,0.11121958201599987,11.865870997399789,53041,237.52289998810738,ok,
227899,CCc1ccccc1NC(=O)CSc1nnc(N)n1C,1.6905,1.945166,0.25466600000000006,0.25466600000000006,0.06485477155600003,14.00931768759837,53038,237.54810000536963,ok,
227996,CCc1nn(C)cc1NC(=O)N[C@H](Cc1ccccc1)c1cccs1,4.1495,3.810938,-0.3385619999999996,0.3385619999999996,0.11462422784399971,8.506114864533826,53038,237.5274000223726,ok,
228023,CC(C)(C)OC[C@H](O)C[NH+]1CCCC[C@@H]1C(=O)N1CCOCC1,-0.5414,0.039697,0.581097,0.581097,0.337673723409,200.0,53042,237.58450004970655,ok,
228081,CCOC(=O)/C(C#N)=C/c1ccc(OC(=O)c2cccc(C)c2)cc1,3.6843,3.255177,-0.4291229999999997,0.4291229999999997,0.18414654912899975,12.367589084883479,53038,237.6502999686636,ok,
228416,O[C@H](CSc1ccc(Cl)cc1)[C@H]1CCCc2cccnc21,4.3081,3.93003,-0.3780699999999997,0.3780699999999997,0.14293692489999976,9.178539304429517,53038,237.63019999023527,ok,
228566,Cc1ccc(-n2ccnc2SCC(=O)N2CCC[C@H](C(N)=O)C2)cc1C,2.30514,2.381836,0.07669599999999965,0.07669599999999965,0.005882276415999947,3.272728514078146,53038,237.59730003075674,ok,
229080,CN(Cc1cccc2ccccc12)C(=O)NC[C@@H]1CCCO1,3.1602,3.215479,0.05527900000000008,0.05527900000000008,0.003055767841000009,1.7340584430301487,53038,237.48609999893233,ok,
229679,CCOc1cc(CNC(=O)N(C2CC2)[C@H](C)c2ccccc2F)ccn1,4.0546,3.850636,-0.2039639999999996,0.2039639999999996,0.04160131329599983,5.160225450574773,53038,237.65590001130477,ok,
229830,CCOC(=O)[C@@H](CC)C(C)=O,1.1647,1.270313,0.10561299999999996,0.10561299999999996,0.011154105768999991,8.674532743767688,53039,237.91100003290921,ok,
229928,CCc1nc([C@@H](C)NC(=O)c2c(F)cccc2F)cs1,3.4747,3.453663,-0.02103699999999975,0.02103699999999975,0.0004425553689999895,0.6072718764879886,53042,237.81200003577396,ok,
230552,CCNC(=O)c1ccc(NC(=O)[C@@H]2CC(=O)Nc3ccccc32)cc1,2.5008,2.381836,-0.11896400000000007,0.11896400000000007,0.014152433296000017,4.872941583193999,53039,237.66270000487566,ok,
231736,CCc1[nH+]ccn1CC(=O)N1CC[C@@H](Cc2cccc(C(N)=O)c2)C1,1.0547,0.952735,-0.10196499999999997,0.10196499999999997,0.010396861224999995,10.1587349029981,53039,237.62109997915104,ok,
231958,CCOC(=O)c1cccc(NC[C@H]2CCN(c3ccc(F)c(F)c3)C2)n1,3.4749,3.294874,-0.1800259999999998,0.1800259999999998,0.03240936067599993,5.318523188514116,53039,237.64459998346865,ok,
232060,Cn1ccc(C(=O)N[C@H]2CCCCC[C@H]2C(=O)[O-])cc1=O,-0.1861,-0.357275,-0.17117500000000002,0.17117500000000002,0.029300880625000008,63.00437083045781,53038,237.83620004542172,ok,
232559,Nn1c(SCC(=O)Nc2ccc3c(c2)OCO3)ccc1-c1ccc(Cl)cc1,3.9818,3.810938,-0.17086199999999963,0.17086199999999963,0.02919382304399987,4.385159619122307,53038,237.38120001507923,ok,
232651,[NH3+]C[C@@H]1Cc2cccc(-c3ccc4ncsc4c3)c2O1,2.5087,2.381836,-0.1268640000000003,0.1268640000000003,0.01609447449600008,5.188142976557184,53038,237.54800000460818,ok,
234581,COc1ccc(OC)c([C@@H]2C3=C([O-])CCCC3=NC3=NC(SCc4ccc(C)cc4)=NC(=O)[C@@H]32)c1,4.19302,4.009425,-0.1835949999999995,0.1835949999999995,0.03370712402499982,4.476592040543996,53037,237.0608999626711,ok,
234879,Cc1ccccc1NC(=O)[C@@H]1CCCN1c1nccs1,3.0590200000000003,2.937598,-0.12142200000000036,0.12142200000000036,0.014743302084000088,4.049682671132307,53041,237.22820001421496,ok,
235267,CNC(=O)[C@H]1CC(=O)N(CCc2ccc(Cl)cc2)/C(=N/c2ccc(Cl)cc2)S1,4.3037,3.969728,-0.33397200000000016,0.33397200000000016,0.11153729678400011,8.07336451105878,53040,237.383299972862,ok,
235640,CC1(C)C(C[NH2+]Cc2ccn(C3CCCCC3)n2)C1(C)C,3.1339,3.096387,-0.03751300000000013,0.03751300000000013,0.0014072251690000097,1.2042141878857306,53041,237.57869994733483,ok,
235900,CC(C)Oc1ccc(N[C@H](C)C(=O)Nc2ccccc2Cl)cn1,3.9613,4.168214,0.20691399999999982,0.20691399999999982,0.04281340339599993,5.090439600694452,53042,237.55429999437183,ok,
236557,Cc1ccc(C(=O)NCCc2nc([O-])c(C)c(=O)[nH]2)c(C)c1,0.74126,0.833643,0.09238299999999999,0.09238299999999999,0.008534618688999998,11.731897139061896,53039,237.62369999894872,ok,
236605,NC(=O)c1c(F)cccc1NCCCOC1CC[NH2+]CC1,0.469,0.039697,-0.429303,0.429303,0.184301065809,168.78534766275408,53039,237.77200002223253,ok,
236930,CC[C@H](C#N)Oc1cccc(C[NH2+][C@@H](C)c2ccc(C)cc2)c1,3.5006,3.49336,-0.007239999999999913,0.007239999999999913,5.2417599999998744e-05,0.20703578516319548,53044,237.62959998566657,ok,
237599,CC(C)(C(=O)N1CCC[C@H](CN2CCOCC2)C1)c1cccc(C#N)c1,2.40668,2.580323,0.17364299999999977,0.17364299999999977,0.03015189144899992,6.963821758278461,53042,237.52949998015538,ok,
240318,COc1ccc2c(CC(=O)N(C)c3ccccc3)coc2c1,3.6469,3.810938,0.16403800000000013,0.16403800000000013,0.02690846544400004,4.399076515204543,53038,237.67609999049455,ok,
240416,O=C(NCCn1ncc2c(N3CC[NH+](Cc4ccccc4)CC3)ncnc21)c1cccs1,1.2229,1.270313,0.04741299999999993,0.04741299999999993,0.0022479925689999933,3.803365376323638,53041,237.39919997751713,ok,
240488,CC/[NH+]=C(/NCCC(F)(F)F)N[C@@H]1[C@H]2CCO[C@@H]2C1(C)C,0.388,0.516065,0.12806499999999998,0.12806499999999998,0.016400644224999997,28.33092753286544,53038,237.60130000300705,ok,
240901,COc1cc(C)ccc1NC(=O)N[C@H](C)CCCO,2.28612,2.18335,-0.10277000000000003,0.10277000000000003,0.010561672900000006,4.598755557146599,53038,237.61420004302636,ok,
240918,Cc1noc([C@@H](C)S(=O)(=O)c2nnc(C)n2-c2ccccc2C)n1,2.11046,2.064258,-0.04620199999999963,0.04620199999999963,0.002134624803999966,2.2134189662630925,53042,237.58870002347976,ok,
241262,C[C@@H]1CN(CC(=O)Nc2cc(C(C)(C)C)nn2C)C(C)(C)CO1,2.1554,2.103956,-0.051444000000000045,0.051444000000000045,0.0026464851360000047,2.415576439255138,53038,237.68720001680776,ok,
241391,O=C([O-])c1ccc(CNC(=O)c2cccc(NC(=O)C3CC3)c2)cc1,1.3286,0.833643,-0.494957,0.494957,0.24498243184899998,45.78181083254749,53041,237.3760999762453,ok,
241552,COC(=O)CCNC(=O)[C@@H](c1cnn(C)c1)N1CCOCC1,-0.5273,-0.396973,0.13032699999999997,0.13032699999999997,0.01698512692899999,28.200975252982605,53037,237.51040000934154,ok,
241611,COC(=O)c1sccc1NC(=O)CSc1ccc(N)cc1,2.8477,2.937598,0.08989799999999981,0.08989799999999981,0.008081650403999966,3.1078087939463037,53038,237.18220001319423,ok,
241712,COc1ccc(-c2nc(NCCC3=c4cc(OC)ccc4=[NH+]C3)sc2C)cc1,1.50242,1.389405,-0.11301500000000009,0.11301500000000009,0.01277239022500002,7.816171448825575,53041,237.12230002274737,ok,
241984,CC(C)c1nsc(NCc2ccc(N3C[C@H](C)O[C@H](C)C3)[nH+]c2)n1,2.7013,2.580323,-0.12097699999999989,0.12097699999999989,0.014635434528999973,4.581053967691367,53041,237.13839997071773,ok,
245428,CSc1ccc([N+](=O)[O-])c(C(=O)NCC(C)(C)C[NH+](C)C)c1,1.2172,1.032129,-0.18507099999999999,0.18507099999999999,0.03425127504099999,16.455662999943534,53041,237.09710000548512,ok,
245445,Cc1cccc(NC2CCN(C(=O)[C@@H](C)CCc3ccccc3F)CC2)[nH+]1,3.62002,3.691847,0.07182700000000031,0.07182700000000031,0.005159117929000044,1.9646692151265965,53037,237.22039995482191,ok,
245482,CCOC(=O)N1CCC([NH2+]CC[NH+]2CCCC[C@@H]2CC)CC1,0.0181,-0.119092,-0.137192,0.137192,0.018821644864000002,200.0,53042,237.49689996475354,ok,
245794,CC(=O)Nc1ccc2nc(CN3CCC[C@H](N4CCOCC4)C3)ccc2c1,2.4898,2.302442,-0.1873579999999997,0.1873579999999997,0.03510302016399988,7.819221149516226,53037,237.28950001532212,ok,
247559,Cc1nccn1-c1cccc([C@@H]2CCCN2Cc2ccccn2)n1,3.3078199999999995,3.374268,0.06644800000000028,0.06644800000000028,0.004415336704000038,1.9888394166613876,53040,237.4036000110209,ok,
247591,C#CCNCC(=O)N(C)C[C@@H](O)COC,-1.3251,-1.667286,-0.3421860000000001,0.3421860000000001,0.11709125859600007,22.870445189891953,53041,237.87930002436042,ok,
247760,CC(=O)N1c2ccccc2C[C@H]1C(=O)NCc1ccccc1C,2.58902,2.580323,-0.008697000000000177,0.008697000000000177,7.563780900000308e-05,0.33648376592538654,53037,237.70950001198798,ok,
247860,NC(=[NH2+])c1ccc(OCc2cccc(O)c2)c(Cl)c1,1.089,1.31001,0.22100999999999993,0.22100999999999993,0.04884542009999997,18.425100353895978,53042,237.76200000429526,ok,
248079,C[C@@H]1CNc2cccc(Br)c2S1,3.3552,3.453663,0.09846300000000019,0.09846300000000019,0.009694962369000037,2.892200944562996,53037,237.8737999824807,ok,
248182,COc1ccc2ccn(CC(=O)NCc3ccccc3F)c(=O)c2c1,2.4656,2.699415,0.23381500000000033,0.23381500000000033,0.05466945422500016,9.053797520433156,53039,237.7007000031881,ok,
248331,CCCCNC(=O)[C@@H]1Cc2ccccc2N1C(=O)[C@@H]([NH3+])CC,0.8811,1.270313,0.38921300000000003,0.38921300000000003,0.15148675936900002,36.1820812647316,53039,237.81249998137355,ok,
249339,C[C@H]([NH2+]CCc1nccn1C)[C@@H](C)C(=O)[O-],-1.6995,-1.984864,-0.28536399999999995,0.28536399999999995,0.08143261249599998,15.490543279654233,53040,237.71040001884103,ok,
